"Time (s)","Linear Acceleration x (m/s^2)","Linear Acceleration y (m/s^2)","Linear Acceleration z (m/s^2)"
0.000000000E0,3.145313263E-1,9.640063345E-2,2.963876724E-1
1.999883300E-2,2.228853554E-1,4.235474765E-2,1.665897369E-1
3.999773300E-2,1.468165368E-1,4.680482671E-2,1.507339478E-1
5.999680400E-2,1.255024523E-1,5.372660235E-2,4.701232910E-2
7.999562300E-2,9.442050755E-2,1.670870930E-2,1.548385620E-2
9.999410400E-2,7.347406447E-2,3.434322029E-2,4.873561859E-2
1.199925070E-1,5.737612396E-2,-1.609072834E-2,1.395988464E-1
1.399907110E-1,4.411296546E-2,1.338633150E-2,1.021099091E-2
1.599888900E-1,1.973200589E-2,-3.238387406E-3,2.453899384E-2
1.799871580E-1,5.573809147E-3,-1.489050686E-2,5.564117432E-2
1.999855960E-1,9.212758392E-3,2.608599886E-2,5.560684204E-2
2.199839940E-1,1.857156307E-2,1.731682569E-3,7.715702057E-2
2.399822800E-1,-5.268190056E-3,1.250211895E-2,3.167724609E-2
2.599805440E-1,1.765235513E-2,1.550254971E-2,3.170681000E-2
2.799787180E-1,2.100590430E-2,-1.744820550E-2,7.001495361E-2
2.999768500E-1,-8.589750156E-3,-7.285740227E-3,2.686595917E-2
3.199748830E-1,-1.021813601E-3,-7.777266204E-3,2.686977386E-2
3.399728490E-1,-1.164026558E-3,1.258155704E-2,6.037425995E-2
3.599706490E-1,-1.412286796E-2,-1.627965644E-2,-4.226684570E-3
3.799683820E-1,8.086308837E-3,-5.759537220E-3,5.079936981E-2
3.999661820E-1,2.108762041E-3,1.898387820E-2,5.081081390E-2
4.199639820E-1,6.047157571E-3,7.748953998E-3,5.322170258E-2
4.399617820E-1,1.115524583E-2,-1.375288889E-2,5.322265625E-2
4.599595150E-1,-5.451744422E-3,-1.161004603E-2,2.209854126E-2
4.799571810E-1,-3.399550915E-4,7.611051202E-3,6.280231476E-2
4.999546470E-1,5.867805332E-3,-1.946018264E-2,2.692985535E-2
5.199520130E-1,-1.405209675E-2,1.226451248E-2,2.211761475E-2
5.399494790E-1,5.788877606E-4,5.819499493E-4,4.366588593E-2
5.599469780E-1,3.410778940E-3,3.208674490E-3,2.690505981E-2
5.799445100E-1,-3.738583997E-3,-5.839362741E-3,2.929592133E-2
5.999419760E-1,-3.648530692E-3,-5.729988217E-3,3.887271881E-2
6.199395080E-1,-1.051683351E-2,1.580698043E-2,3.408527374E-2
6.399369740E-1,8.656941354E-3,-8.137680590E-3,4.366207123E-2
6.599345060E-1,-1.495661959E-2,-1.060352474E-2,1.014423370E-2
6.799320380E-1,6.760418415E-3,6.026618183E-3,5.324268341E-2
6.999295700E-1,-2.920648083E-2,-1.042820886E-2,1.058759689E-1
7.199270360E-1,-1.684355736E-2,-7.063400000E-3,2.232236862E-1
7.399245020E-1,2.040800638E-2,1.169642061E-2,1.083021164E-1
7.599220340E-1,1.247846708E-2,6.529547274E-3,1.921014786E-1
7.799195000E-1,-2.615009621E-2,-3.060199320E-3,8.914756775E-2
7.999170320E-1,2.794574946E-3,2.470761538E-3,6.042671204E-2
8.199145980E-1,9.348979220E-3,-5.083002150E-3,1.035251617E-1
8.399121300E-1,-1.030314714E-2,-2.958275378E-3,7.476329803E-2
8.599095630E-1,-6.283797324E-2,-1.990915835E-2,7.715892792E-2
8.799069620E-1,1.311057061E-2,6.492573768E-3,1.011247635E-1
8.999044280E-1,5.749799311E-4,-1.996572316E-2,1.777410507E-1
9.199018940E-1,2.589810640E-3,2.933061868E-2,7.235908508E-2
9.398993600E-1,-3.449544311E-4,4.708394408E-2,5.083084106E-2
9.598967930E-1,-8.606232703E-3,-8.052674681E-2,3.197765350E-2
9.798943250E-1,1.247194968E-2,-2.942747995E-2,1.503658295E-2
9.998917910E-1,7.883720100E-3,-1.776806265E-2,3.893756866E-2
1.019889257E0,3.256108984E-2,2.959652990E-2,-1.377201080E-2
1.039886789E0,-2.409022115E-2,4.426866770E-3,-3.291988373E-2
1.059884321E0,3.279035911E-3,9.945507348E-2,5.812072754E-2
1.079881853E0,-8.551057428E-3,1.654298902E-1,5.575370789E-2
1.099879319E0,1.014372706E-2,-3.491887152E-1,4.379367828E-2
1.119876851E0,-5.176518857E-2,-7.479970157E-2,-6.442070007E-3
1.139874317E0,8.098277450E-2,-1.767838895E-1,-3.955841064E-3
1.159871849E0,-1.944353431E-2,-5.023610592E-2,9.910297394E-2
1.179869381E0,-3.126328588E-1,1.271498799E-1,2.983856201E-2
1.199866913E0,-3.244638443E-2,-7.725452632E-2,1.328086853E-2
1.219864379E0,-3.597736359E-4,-3.068666905E-2,5.416584015E-2
1.239861979E0,2.968139946E-2,-4.903036356E-2,4.233169556E-2
1.259859678E0,3.821521997E-2,-3.230616450E-2,6.494522095E-3
1.279857277E0,-6.353452802E-3,8.265769482E-2,-6.058692932E-2
1.299854943E0,-1.941845566E-1,1.267947108E-1,8.062171936E-2
1.319852309E0,-1.033284217E-1,-7.060450315E-2,4.244041443E-2
1.339849975E0,-1.305966526E-1,-2.291005403E-1,-2.218151093E-2
1.359847574E0,1.697956026E-2,-3.959370032E-2,8.553981781E-2
1.379846206E0,2.111539245E-2,-1.311969012E-2,7.107067108E-2
1.399843872E0,5.563400686E-2,-1.273128986E-1,-2.697467804E-2
1.419841538E0,4.356625676E-2,-1.376839876E-1,1.612377167E-2
1.439839204E0,-9.229256213E-2,1.506481767E-1,9.996223450E-2
1.459836803E0,-1.310983300E-2,2.145916224E-3,2.356815338E-2
1.479834469E0,3.149732947E-2,-5.845290050E-2,8.369922638E-2
1.499832068E0,7.284212112E-2,2.331298962E-2,8.411407471E-2
1.519829734E0,-5.649265647E-2,1.558940560E-1,1.421041489E-1
1.539827267E0,4.999189079E-2,1.181824505E-2,7.574748993E-2
1.559824733E0,-1.309670508E-1,-3.163391650E-1,6.666374207E-2
1.579822199E0,-4.758816957E-1,-4.309923649E-1,2.086925507E-1
1.599819598E0,-1.312593460E0,-2.566640675E-1,4.732627869E-1
1.619817364E0,-3.568420112E-1,3.753128052E-1,1.526760101E0
1.639814763E0,1.688032746E0,1.094773531E0,1.958121300E0
1.659812295E0,3.911654353E-1,-5.530989170E-2,1.206552505E0
1.679808794E0,-1.024315000E0,-1.665710330E0,-9.056282043E-1
1.699806326E0,-1.733631372E0,-2.391566277E0,-1.108650208E0
1.719803792E0,-1.503559351E-1,-6.276376247E-1,1.789646149E-1
1.739801258E0,2.183454633E-1,8.011193871E-1,1.090240479E0
1.759798357E0,-7.060829401E-1,9.023830891E-1,2.574248314E0
1.779795889E0,-7.997633219E-1,5.866709948E-1,3.907191277E0
1.799793421E0,-2.935683727E-1,2.714369893E-1,3.889277458E0
1.819790887E0,9.235926270E-1,7.125986218E-1,1.725264549E0
1.839788419E0,1.179129839E0,1.345641613E0,1.576772690E0
1.859785885E0,8.414208889E-1,2.242112160E-2,2.953148842E0
1.879783351E0,2.476515770E-1,-1.119526386E0,4.263529778E0
1.899780883E0,1.375163317E0,-1.062778354E0,5.027441978E0
1.919778415E0,2.406892061E0,-3.294844627E-1,4.192190170E0
1.939775947E0,1.918179750E0,-4.009511471E-1,2.751862049E0
1.959773346E0,8.773608208E-1,-1.963866949E0,1.233053684E0
1.979770812E0,9.891605377E-2,-1.010421991E0,-4.517385006E0
1.999768211E0,9.286003113E-1,-5.754265785E-1,-5.349709034E0
2.019765677E0,8.253331184E-1,-1.124505043E0,-5.903129578E-1
2.039763143E0,-3.039574623E-1,-2.013861179E0,-8.000979424E-1
2.059761075E0,-1.144998550E0,-1.061517239E0,-4.990830421E-1
2.079758541E0,-5.952849388E-1,7.800688744E-1,7.793121338E-1
2.099756007E0,1.885782242E0,3.888297081E-1,6.478357315E0
2.119753539E0,1.450380802E0,-2.823980808E0,5.970983982E0
2.139751005E0,1.392911911E0,-4.972049713E0,2.440427542E0
2.159748537E0,2.479300976E0,-4.986596584E0,-1.037668943E0
2.179746069E0,9.654989243E-1,-3.946868181E0,-3.587993622E0
2.199743601E0,-2.050813675E0,-3.738854408E0,-4.268836975E0
2.219741067E0,-1.244326591E0,-2.417518854E0,-7.708244324E-1
2.239738533E0,1.088328838E0,-2.634115934E0,-6.117832661E-1
2.259736065E0,2.153560162E0,-1.835854053E0,-1.479112625E0
2.279733631E0,9.232668877E-1,-2.277616739E0,1.262869120E0
2.299731297E0,-1.123461723E0,-2.529113293E0,2.012355804E0
2.319729030E0,-2.361838341E0,-2.779110193E0,2.294665575E0
2.339726830E0,-2.046540737E0,-3.196834564E0,-1.234235764E-1
2.359724529E0,-6.075978279E-1,-2.346815825E0,-2.042656898E0
2.379722195E0,3.892173767E-1,-3.700777531E0,-4.128551483E-2
2.399719927E0,1.021725655E0,-3.021161556E0,4.575533867E-1
2.419717659E0,-2.400660515E-1,-1.296734095E0,1.940422058E-1
2.439715391E0,-2.015055895E0,-1.218423843E0,9.430480003E-1
2.459713057E0,-1.919468164E0,-2.287635803E0,1.630503178E0
2.479710789E0,-1.638464093E0,-3.397619009E0,8.254709244E-1
2.499708455E0,-6.611536145E-1,-3.109895468E0,-1.302995682E-1
2.519706187E0,8.609483242E-1,-1.661394835E0,-5.282430649E-1
2.539703919E0,2.702630043E0,-3.270833492E-1,-2.974472046E-1
2.559701651E0,2.187891960E0,4.731080532E-1,-2.199048996E-1
2.579699284E0,1.072588444E0,-1.827623844E-1,-1.177232742E0
2.599696817E0,-8.392968178E-1,-2.433983326E0,-1.621081352E0
2.619694283E0,-1.844850540E0,-4.035836220E0,-3.725233078E-1
2.639691682E0,-1.143353462E0,-3.072929382E0,-4.851555824E-1
2.659689148E0,1.051871300E0,-9.044709802E-1,2.300796509E0
2.679686647E0,3.440750599E0,6.834629774E-1,3.423743963E0
2.699684179E0,3.701896667E0,1.317035079E0,2.143425941E0
2.719681279E0,2.724064827E0,1.133156657E0,-5.464315414E-2
2.739678745E0,1.845458984E0,-1.629779339E-1,-7.900657654E-1
2.759676277E0,-3.863725662E-1,-3.316350222E0,-1.999653816E0
2.779673809E0,-4.077596664E-1,-5.136065006E0,-2.623842001E0
2.799671341E0,1.466970444E0,-1.876911044E0,-2.309393883E-2
2.819668807E0,3.747568130E-1,3.821692467E-1,1.884437799E0
2.839666339E0,-7.753992081E-1,-1.808369398E0,2.928943157E0
2.859663638E0,-1.239242077E0,-4.004222870E0,-1.067474365E0
2.879661104E0,2.328456879E0,-4.386264801E0,-1.428708792E0
2.899658636E0,3.956045151E0,-1.006258249E0,9.742097855E-1
2.919656168E0,-8.352990150E-1,7.321412563E-1,1.902632713E0
2.939653700E0,-2.611907959E0,-2.598464489E-1,3.378959656E0
2.959651166E0,-1.627779007E-1,-1.215074182E0,2.763006687E0
2.979648665E0,2.447529793E0,-8.543418646E-1,8.856706619E-1
2.999646064E0,1.186433792E0,6.403251886E-1,2.115974426E-1
3.019643897E0,-1.491258383E0,4.910004139E-2,1.579487801E0
3.039641363E0,-1.953730583E0,-3.382484913E-1,2.229661942E0
3.059638829E0,1.829996109E-1,-2.398889065E-1,8.561382294E-1
3.079636228E0,3.206964493E0,-3.471567631E-1,8.042097092E-1
3.099633694E0,3.369536400E0,-1.727246046E-1,7.003698349E-1
3.119631226E0,1.589406013E0,-3.024252653E-1,8.850717545E-1
3.139628692E0,3.843591213E-1,2.039097548E-1,9.677562714E-1
3.159626391E0,2.936806679E-1,-2.904746532E-1,2.009649277E0
3.170493585E0,1.304662466E0,3.813505173E-3,1.755983353E0
3.190491117E0,2.840431929E0,-5.086833239E-1,8.323302269E-1
3.210488583E0,1.291593075E0,-1.576557279E0,-3.460578918E-1
3.230486115E0,-6.918597221E-1,-1.512431741E0,-2.777915001E-1
3.250483581E0,1.614766121E-1,-1.728805661E0,1.584396839E0
3.270481113E0,4.002966881E-1,-3.670875311E0,2.423564434E0
3.290478645E0,2.364244461E-1,-4.380887985E0,1.181846619E0
3.310476177E0,-1.781779289E0,-3.985132694E0,-2.405045748E0
3.330473710E0,-4.575462341E-1,-4.284204483E0,-1.592111230E0
3.350471510E0,1.136294365E0,-2.559806347E0,-1.515149832E0
3.370469476E0,-5.389194489E-1,-1.712164521E0,6.600999832E-2
3.390467442E0,-1.668626785E0,-2.648233175E0,5.508572102E0
3.410465574E0,-6.596565247E-1,-3.975378513E0,6.279756546E0
3.430463706E0,7.347240448E-1,-3.734174013E0,-7.319754362E-1
3.450461838E0,1.176272392E0,-2.582214355E0,-3.997551203E0
3.470459904E0,-3.120117188E-1,-9.176117182E-1,-3.112126589E0
3.490457970E0,-2.753424644E0,-1.831629038E0,1.045664907E0
3.510456102E0,-2.050437927E0,-1.276325107E0,5.630332947E0
3.530454234E0,-2.182391167E0,-2.863520145E0,6.497445583E0
3.550452366E0,5.276679993E-2,-4.279850006E0,2.280282974E0
3.570450432E0,8.928537369E-1,-4.378258705E0,-2.012712479E0
3.590448564E0,8.371734619E-2,-3.088644028E0,-2.388423443E0
3.610446630E0,2.218504429E0,-2.541316509E0,-1.464982986E0
3.630444629E0,2.496962547E-1,-1.265187979E0,3.734970093E-1
3.650442428E0,-1.682603359E0,-1.557474136E-1,1.960577488E0
3.670440127E0,-2.054899693E0,-1.556454420E0,1.675745487E0
3.690437727E0,-2.603684902E0,-3.589375257E0,6.682610512E-1
3.710435126E0,-2.893764734E0,-4.855606079E0,-5.547003746E-1
3.730432592E0,-1.893475533E0,-4.147574425E0,-1.021360397E0
3.750429991E0,-3.768452406E-1,-1.711172104E0,-9.829978943E-1
3.770427457E0,9.492083192E-1,5.741801262E-1,-1.240061760E0
3.790424923E0,6.440106630E-1,-5.822558403E-1,-5.170726776E-2
3.810422422E0,-1.841523647E-1,-2.690680265E0,-1.535091400E-1
3.830419888E0,-1.596015453E0,-4.224205971E0,-2.557698250E0
3.850417354E0,-8.893008232E-1,-4.573730946E0,-3.047253132E0
3.870414886E0,1.624026299E0,-1.394913673E0,5.178294182E-1
3.890412352E0,2.871798992E0,8.319234848E-1,5.067850590E0
3.910409884E0,1.893917561E0,-5.345931053E-1,6.100795269E0
3.930407416E0,-6.542434692E-1,-1.794740915E0,2.418961048E0
3.950404948E0,-1.359798431E0,-1.990504026E0,-1.913248062E0
3.970402414E0,-7.364511490E-1,-3.686857462E0,-2.070570230E0
3.990399880E0,4.279868126E0,-3.878792763E0,-2.869126797E-1
4.010397412E0,6.142790794E0,-1.520931363E0,4.746926725E-1
4.030394944E0,2.532267570E0,-9.186749458E-1,9.917523265E-1
4.050392476E0,-2.009418011E0,-2.093167305E0,1.408094406E0
4.070389942E0,-3.494976521E0,-4.171079159E0,1.468374014E0
4.090387474E0,-3.814268112E-1,-3.542153835E0,2.799610138E0
4.110384907E0,3.839634895E0,-1.009503007E0,3.486320496E0
4.130382306E0,3.264334679E0,1.432860613E0,3.184102535E0
4.150379772E0,2.951898575E-1,1.946452737E0,2.992353439E0
4.170377238E0,1.432486057E0,-7.254810333E-1,1.799253464E0
4.190374704E0,1.684718609E0,-2.427939892E0,-1.395389557E0
4.210372137E0,-2.108650208E-1,-3.021556139E0,-2.858647823E0
4.230369669E0,-1.739163876E0,-1.935780764E0,-9.893097878E-1
4.250367135E0,-6.305861473E-1,9.649789333E-2,8.494091034E-2
4.270364667E0,-1.699016094E-1,6.082411408E-1,7.570400238E-1
4.290362199E0,5.825889111E-1,4.808132052E-1,-1.204787254E0
4.310359731E0,1.512007713E-1,-5.932450294E-1,-2.834750175E0
4.330357197E0,-1.252128363E0,-1.266797185E0,-2.454413414E0
4.350354663E0,-1.524405241E0,-4.789509773E-1,-5.518655777E-1
4.370352195E0,-1.262266040E-1,1.151115894E0,1.599050522E0
4.390349661E0,-5.434534550E-1,1.568851113E0,3.295714378E0
4.410347193E0,-1.772286177E0,9.677131176E-1,3.860850334E0
4.430344826E0,-2.037371874E0,3.235526085E-1,4.971880913E0
4.450342559E0,-1.739303112E0,-2.067780495E-1,5.535826683E0
4.470340292E0,-1.612194657E0,-1.153701782E0,4.604483604E0
4.490338025E0,-1.547120571E0,-1.234565854E0,5.596830368E0
4.510335791E0,-1.847768307E0,-1.378337383E0,4.200144768E0
4.530333523E0,-2.240306616E0,-2.624710321E0,4.511409760E0
4.550331255E0,4.226895571E-1,-3.739682674E0,4.321727753E0
4.570328921E0,2.030649662E0,-3.961740971E0,3.987288475E0
4.590326653E0,1.247062564E0,-3.354401350E0,3.550020695E0
4.610324319E0,-7.905279398E-1,-4.694034576E0,2.269625664E0
4.630321985E0,6.521795690E-2,-3.495922089E0,-2.681497335E0
4.650319717E0,6.317164302E-1,-9.264230728E-1,2.490760565E0
4.670317449E0,-8.013931513E-1,-3.577740669E0,7.280417919E0
4.690315181E0,-2.911080360E0,-6.215673923E0,3.603523970E0
4.710312847E0,-3.625728130E0,-4.260009766E0,3.048661709E0
4.730310480E0,-6.405177116E-1,-2.151183128E0,2.713819981E0
4.750307946E0,1.779613853E0,-3.661299229E0,4.909796238E0
4.770305412E0,2.445825338E0,-3.851983070E0,5.241128445E0
4.790302878E0,3.162786484E0,-1.509324074E0,4.442224503E-1
4.810300344E0,4.699575901E0,-2.375554800E0,-2.182388306E-1
4.830297743E0,2.771178961E0,-3.108133554E0,-1.389360428E-1
4.850295209E0,2.795250416E0,-1.264267683E0,-5.190067291E-1
4.870292741E0,2.038932323E0,-2.377727985E0,4.362010956E-2
4.890290207E0,-8.708186746E-1,-2.940405130E0,-1.387629509E0
4.910287739E0,-2.763143539E0,-2.955875158E0,-9.338560104E-1
4.930285271E0,-2.878913403E0,-3.653334618E0,-1.818984032E0
4.950282803E0,-1.080818534E0,-3.467535973E0,-2.927305222E0
4.970280269E0,6.187541485E-1,-1.932081819E0,-3.609374046E0
4.990277735E0,5.587415695E-1,-2.242490292E0,-2.842018127E0
5.010275267E0,-4.603886604E-1,-2.961449146E0,-1.916371346E0
5.030272799E0,-1.620745420E0,-2.828320265E0,-1.930530548E0
5.050270331E0,-2.056403399E0,-2.201069832E0,-2.196997643E0
5.070267797E0,-2.225794792E0,-1.372519732E0,-1.927601814E0
5.090265329E0,-2.684701681E0,-4.394943416E-1,-1.974549294E0
5.110262795E0,-2.390480995E0,-9.632964134E-1,-2.944852829E0
5.130260261E0,-9.650866389E-1,-3.073592901E0,-4.026673317E0
5.150257727E0,-8.901782036E-1,-4.283752918E0,-1.666654587E0
5.170255193E0,-5.254428983E-1,-4.982268810E0,7.678265572E-1
5.190252659E0,-4.768504798E-1,-6.475823402E0,1.200618267E0
5.210250058E0,-5.436097980E-1,-5.861351013E0,-5.406641960E-1
5.230247524E0,3.716707230E-3,-5.939806461E0,-2.358201027E0
5.250244990E0,7.595810890E-1,-5.320801735E0,3.130949497E0
5.270242522E0,-1.261444390E-1,-7.925117493E0,2.335109472E0
5.290240054E0,-9.893188477E-1,-9.493407249E0,2.142628193E0
5.310237586E0,-2.267181635E0,-8.968038559E0,3.589957237E0
5.330235052E0,-1.501843631E-1,-9.589514732E0,3.099585533E0
5.350232518E0,1.921481609E0,-8.067018509E0,3.901994228E0
5.370230050E0,5.652047992E-1,-7.771514893E0,1.168419838E0
5.390227516E0,7.652527690E-1,-7.305476189E0,1.383306503E0
5.410225048E0,-1.869262904E-1,-5.178065300E0,3.938310623E0
5.430222580E0,-1.424867988E0,-4.197824478E0,4.339409828E0
5.450220112E0,-1.605433226E0,-3.904408693E0,5.009879112E0
5.470217645E0,-1.147890449E0,-4.043117046E0,4.759057999E0
5.490215445E0,2.815498710E-1,-3.220859051E0,4.071426392E0
5.510213411E0,2.314608574E0,-1.373491287E0,3.249331474E0
5.530211444E0,2.814124107E0,-6.695756912E-1,2.879854202E0
5.550209510E0,2.325043201E0,-1.084170341E-1,2.713906765E0
5.570207643E0,1.339826822E0,1.583828926E-1,2.659709930E0
5.590205843E0,1.165176481E-1,1.044812202E-1,2.861381531E0
5.610203976E0,-6.617498994E-1,-8.515105247E-1,3.216800690E0
5.630202109E0,-6.497900486E-1,-1.093907356E0,2.143512249E0
5.650200309E0,-4.502770305E-1,-1.040781975E0,2.034755707E0
5.670198509E0,-2.281215787E-1,-7.666268349E-1,2.376991272E0
5.690196709E0,-1.525859386E-1,-1.918807030E-1,2.069973469E0
5.710194842E0,5.723338723E-1,4.937238693E-1,2.783352375E0
5.730193042E0,1.370971799E0,7.876496315E-1,3.679244041E0
5.750191175E0,1.709341764E0,3.443927765E-1,3.580709457E0
5.770189307E0,-1.639783382E-1,-2.137269974E-1,2.499673843E0
5.790187173E0,-1.614677668E0,-3.407504559E0,4.741593361E0
5.810184939E0,-1.419764638E0,-7.178698540E0,2.651872635E0
5.830182572E0,6.525340080E-1,-5.574144363E0,2.053468704E0
5.850180105E0,3.272878647E0,-3.667082071E0,7.550420761E-1
5.870177571E0,3.914387941E0,-4.159003258E0,-2.538871765E-1
5.890174970E0,5.831495523E-1,-6.542937279E0,2.669916153E0
5.910172502E0,-4.618807316E0,-7.278801441E0,2.515701294E0
5.930170034E0,-1.923919678E0,-6.991821289E0,6.404018402E-2
5.950167566E0,1.320193529E0,-4.283322811E0,-5.942171574E0
5.970165032E0,-3.805618882E-1,-1.618121624E0,-2.852487564E-2
5.990162498E0,-3.120690584E-1,-2.467422009E0,3.078393459E0
6.010160030E0,-2.729837894E-1,-1.758151531E0,2.819264412E0
6.030157562E0,-8.947964907E-1,-4.093618393E-1,1.624465823E0
6.050155094E0,-5.521326065E-1,-1.600555420E0,1.945695877E0
6.070152560E0,8.273267746E-2,-2.921309948E0,1.456575632E0
6.090150092E0,8.286641836E-1,-2.225934029E0,4.318139553E-1
6.110147558E0,6.388866901E-1,-1.663398743E0,1.543808699E0
6.130145024E0,1.484140515E0,-8.319897652E-1,1.776814461E0
6.150142556E0,2.210566998E0,-5.391125679E-1,1.669414997E0
6.170140088E0,7.648376822E-1,4.754552841E-1,1.096094608E0
6.190137620E0,1.872820616E0,5.554828644E-1,3.967857361E-1
6.210135019E0,2.642780781E0,4.685535431E-1,-3.452892303E-1
6.230132485E0,5.156300068E-1,-3.609770775E0,-1.110339165E0
6.250129884E0,-4.559575319E-1,-4.986628532E0,-1.754239082E0
6.270127350E0,-2.550424099E0,-4.900199890E0,-3.929825783E0
6.290124816E0,-2.506263971E0,-2.640254021E0,-6.731567383E-1
6.310122315E0,-2.494187593E0,-2.075582027E0,3.507051468E-1
6.330119781E0,-1.315464497E0,-2.397215605E0,-1.400432587E-1
6.350117247E0,-1.106558740E-1,-1.656984329E0,-7.467041016E-1
6.370114779E0,1.550266981E0,-1.784427643E0,-2.256660461E0
6.390112245E0,8.823825121E-1,-1.862812519E0,-1.802894592E0
6.410109777E0,1.723134816E-1,-1.103278399E0,-1.968893051E0
6.430107309E0,-1.392336845E0,-8.631169796E-1,-1.837952614E0
6.450104841E0,-2.612344742E0,-1.078823209E0,-1.291559219E0
6.470102307E0,-3.320286751E0,-2.146222115E0,-5.741863251E-1
6.490099773E0,-2.213911533E0,-1.600237370E0,-6.484222412E-1
6.510097305E0,-1.601191163E0,-5.766092539E-1,-1.358375549E0
6.530094837E0,-8.790421486E-1,-1.468952417E0,-2.570829391E0
6.550092369E0,-2.654922962E0,-4.317121506E0,-1.220247269E0
6.570090002E0,-1.738845348E0,-5.778948784E0,-1.296806335E0
6.590087868E0,-3.881686926E-1,-4.430727005E0,1.155097961E0
6.610085767E0,6.965527534E-1,-5.470781326E0,1.202984571E0
6.630083767E0,-2.574604511E0,-9.412592888E0,2.757559538E0
6.650081899E0,-2.310860157E0,-1.081475258E1,3.599552512E-1
6.670080031E0,2.588798523E0,-9.150360107E0,5.203470707E0
6.690078163E0,3.144921541E0,-2.133519650E0,8.101076126E0
6.710076229E0,4.030497074E-1,2.103397846E0,5.385330200E0
6.730074361E0,-4.148672581E0,-2.344979286E0,2.970895290E0
6.750072427E0,-4.590130806E0,-5.349043846E0,3.269386292E-1
6.770070559E0,-2.458121777E-1,-3.256616116E0,1.853025913E0
6.790068358E0,2.481533766E0,1.094952583E0,2.121340752E0
6.810066490E0,3.200600386E0,2.400525570E0,2.230277061E0
6.830064556E0,1.360448837E0,1.869787216E0,2.597558022E0
6.850062622E0,-8.591187000E-1,-1.555341721E0,2.064867020E0
6.870060588E0,-6.159286499E-1,-3.463441849E0,1.466698647E0
6.890058387E0,1.679361343E0,-2.835690737E0,1.160423279E0
6.910056053E0,3.436892509E0,-1.192843676E0,1.106831074E0
6.930053586E0,4.232518673E0,9.280161858E-1,2.622947693E-1
6.950051052E0,3.620541096E0,3.293292522E-1,7.828917503E-1
6.970048451E0,-2.964935303E-1,-1.098861694E0,1.624351501E0
6.990045850E0,-4.944518089E0,-1.816492796E0,2.753154755E0
7.010043316E0,-4.047499180E0,-5.221872330E-1,3.108180046E0
7.030040815E0,-2.777134418E0,4.673568308E-1,3.926678181E0
7.050038347E0,-4.316254616E0,1.355352700E-1,5.058952808E0
7.070035813E0,-5.645699978E0,-1.651533246E0,6.471571922E0
7.090033679E0,-2.923082829E0,-3.145273685E0,6.306766510E0
7.110031145E0,3.116849422E0,-4.015390396E0,7.040131569E0
7.130028677E0,7.909187317E0,-3.018082619E0,7.851109505E0
7.150026209E0,1.111432076E1,-7.371142507E-2,6.306463718E0
7.170023741E0,8.538177490E0,3.203411818E0,2.837671757E0
7.190021207E0,4.620916843E0,5.526515961E0,-2.187769413E-1
7.210018673E0,8.984708786E-1,2.364073515E0,-3.007956982E0
7.230016205E0,-2.232028008E0,-3.886289597E0,-9.307860136E-1
7.250013671E0,7.964806080E0,4.585599899E-1,-7.873380184E-1
7.270011203E0,1.075429153E1,1.686122060E0,-4.373537064E0
7.290008735E0,6.574464321E0,-3.035083055E0,-3.440068960E0
7.310006267E0,3.790388107E-1,-3.775193930E0,-4.245685101E0
7.330003700E0,-3.477653503E0,-3.050917625E0,-2.883485794E0
7.350001099E0,-3.985416412E0,-1.584934115E0,-1.118030071E0
7.369998565E0,-2.867507935E0,5.598236322E-1,5.561239719E-1
7.389996031E0,-2.621883392E0,6.110797524E-1,5.432231426E-1
7.409993497E0,-4.541835785E-1,1.900793314E-1,-1.111392975E-1
7.429990930E0,1.810745239E0,-2.647349834E-1,-2.472375393E0
7.449988462E0,3.202852726E0,-2.539344549E0,-4.433548450E0
7.469985928E0,3.740960121E0,-3.495280743E0,-5.338268280E0
7.489983394E0,6.218076706E0,-2.615507364E0,-3.739745140E0
7.509980926E0,1.226448250E1,-5.775283575E-1,1.838392258E0
7.529978458E0,1.407105541E1,3.983075321E-1,6.849233627E0
7.549975990E0,6.295392990E0,-2.133012295E0,9.367905617E0
7.569973456E0,-1.066994548E0,-9.016385674E-1,9.660295486E0
7.589970988E0,-4.565620422E-1,2.110923052E0,8.123067856E0
7.609968454E0,1.947628975E0,1.883654833E0,6.226072788E0
7.629965986E0,7.743525505E-1,-3.912345171E-1,2.603113174E0
7.649963552E0,-1.125953197E0,-2.858487129E0,2.708391190E0
7.669961185E0,-8.893203735E-2,-2.475096941E0,1.381823063E0
7.689958918E0,1.168711662E0,-1.033355117E0,2.792912722E-1
7.709956651E0,5.952835083E-1,-5.365658402E-1,1.419269443E0
7.729954417E0,-1.345118523E0,3.085443974E-1,3.432374001E0
7.749952083E0,-2.694305897E0,9.460105896E-1,3.820933580E0
7.769949815E0,-2.261724472E0,8.687696457E-1,3.187672853E0
7.789947547E0,-2.159150124E0,-1.967833042E-1,1.531186223E0
7.809945379E0,-2.261065006E0,7.766270638E-2,-1.011640787E0
7.829943045E0,-2.626053333E0,3.343708515E-1,-1.944738865E0
7.849940711E0,-2.393017292E0,5.329141617E-1,-1.217212915E0
7.869938443E0,-1.655096531E0,-6.444525719E-2,1.333161116E0
7.889936175E0,-1.679401398E-1,-3.862385750E-1,3.880017042E0
7.909933907E0,1.225206375E0,5.198869705E-1,5.791285515E0
7.929931573E0,7.851819992E-1,9.105625153E-1,6.397200108E0
7.949929272E0,-1.438916206E0,-6.738979816E-1,5.317465782E0
7.969926838E0,-9.665842056E-1,-1.937236071E0,3.498130798E0
7.989924237E0,-3.308010101E-2,-2.930067301E0,2.456982136E0
8.009921703E0,-3.864207268E-1,-2.509299755E0,1.552757263E0
8.029919169E0,1.207209080E-1,-1.442555070E0,3.170829773E0
8.049916635E0,1.281464577E0,1.730940342E-1,4.685545921E0
8.069914901E0,2.152366161E0,2.171524525E0,4.466093540E0
8.089912433E0,4.001169205E-1,5.121461153E-1,3.753143787E0
8.109909799E0,-3.135433197E-1,-8.985509872E-1,8.554356098E-1
8.129907331E0,3.507983208E0,-9.476250410E-2,-2.460562587E-1
8.149904863E0,5.126957417E0,4.338417649E-1,1.622225046E-1
8.169902395E0,5.774812698E0,2.109251022E-1,1.415038943E0
8.189899861E0,4.374693394E0,-1.369759202E0,-2.724807262E-1
8.209897327E0,1.723247528E0,-2.813759804E0,-3.449662209E0
8.229894859E0,-1.317667961E0,-2.689079762E0,-4.250951290E0
8.249892325E0,-2.362270355E0,-1.719775319E0,-3.054423094E0
8.269889857E0,-2.349886894E0,-1.047804236E0,3.702497482E-2
8.289887389E0,-2.452898026E0,1.848576665E-1,1.599804044E0
8.309884921E0,-2.640757561E0,4.348812103E-1,1.952339172E0
8.329882387E0,-1.976759911E0,-3.418778181E-1,9.038364887E-2
8.349879853E0,7.330789566E-1,-6.808902621E-1,-2.002725601E0
8.369876519E0,3.031655788E0,-9.250432253E-1,-2.721454382E0
8.389873985E0,2.184527397E0,-2.443264961E0,-2.840930462E0
8.409871451E0,3.278456688E0,-2.288626671E0,-7.620487213E-1
8.429868850E0,7.949785233E0,-3.247904181E-1,1.546357155E0
8.449866316E0,1.058236599E1,9.905583858E-1,2.970116615E0
8.469863782E0,8.352753639E0,-3.389635086E-1,4.666362762E0
8.489861248E0,3.953775883E0,-8.356433511E-1,6.352912903E0
8.509858780E0,1.518627644E0,-5.502207279E-1,6.577651978E0
8.529856312E0,-1.773700714E-1,-8.005353808E-1,6.052090645E0
8.549853844E0,-2.527544975E0,-1.188647032E0,4.671535492E0
8.569851310E0,-5.098778248E0,-4.532556534E-1,3.756161690E0
8.589848842E0,-6.173763275E0,9.655404091E-1,2.491692543E0
8.609846308E0,-5.691764832E0,1.544802189E-1,1.470162868E0
8.629843840E0,-3.932910681E0,-6.401207447E-1,2.774586678E-1
8.649841372E0,-2.439627647E0,-7.592310905E-1,-1.158667088E0
8.669838904E0,-1.902061462E0,-1.197908640E0,-1.620612621E0
8.689836370E0,-3.832797050E0,-1.908812761E0,-9.309949875E-1
8.709834003E0,-3.081876278E0,-9.223070145E-1,-1.068353653E-2
8.729831869E0,-2.074546814E-1,2.140307426E-1,1.497317314E0
8.749829802E0,2.773703575E0,6.278302670E-1,2.332558632E0
8.769827802E0,2.390932798E0,9.664189816E-2,1.635277748E0
8.789825934E0,-7.629094124E-1,-5.781097412E-1,2.448234558E-1
8.809824066E0,-2.080336332E0,-3.862779140E-1,4.153938293E-1
8.829822132E0,-9.643593431E-1,-1.090868711E-1,1.377506256E0
8.849820198E0,-1.688185930E-1,2.634525299E-3,1.696413994E0
8.869818330E0,-8.877304196E-1,-3.023795485E-1,1.143799782E0
8.889816462E0,-1.060690880E0,-7.056081295E-1,4.622755051E-1
8.909814594E0,5.142769814E-1,-6.253627539E-1,-5.200386047E-1
8.929812660E0,4.379483700E0,-5.526623130E-1,-9.006452560E-1
8.949810792E0,5.160531044E0,-2.870821208E-2,2.345342636E-1
8.969808858E0,3.428183794E0,-5.157631636E-1,5.032491684E-1
8.989806924E0,-2.148659229E-1,-2.262560606E0,6.020030975E-1
9.009804890E0,-4.830886364E0,-2.628901482E0,1.174112320E0
9.029802689E0,-4.496376991E0,2.466000766E-1,1.073579788E0
9.049800355E0,-3.997054100E-1,8.711174130E-1,1.990482330E0
9.069797888E0,3.417683601E0,9.790799022E-1,2.468837738E0
9.089795354E0,6.589597702E0,1.490246296E0,1.730742455E0
9.109792753E0,8.036229134E0,-1.184852943E-1,1.198690414E0
9.129790219E0,9.056306839E0,-1.624745965E0,1.917926788E0
9.149787685E0,1.106822395E1,-3.306113720E0,5.517234802E-1
9.169785151E0,1.023995590E1,-5.618218899E0,-9.017200470E-1
9.189782617E0,7.778304100E0,-7.773522377E0,-3.828861713E0
9.209780083E0,4.380039215E0,-9.684425354E0,-4.841708183E0
9.229777615E0,1.868658066E-1,-9.691621780E0,-7.612492561E0
9.249775081E0,-4.064836025E0,-7.050755501E0,-8.800459862E0
9.269772613E0,-4.312271595E0,-4.654730797E0,-3.109022141E0
9.289770145E0,-3.570332050E0,-3.277778864E0,2.561207771E0
9.309767677E0,-3.665293694E0,-2.931979656E0,3.401330948E0
9.329765143E0,-2.366583347E0,-5.188278675E0,2.375530243E0
9.349762609E0,2.054772377E-1,-3.276904106E0,2.899894714E-1
9.369760141E0,-3.717705250E0,-4.181550503E0,-1.486472607E0
9.389757673E0,-9.504842758E0,-5.183219433E0,-2.135640144E0
9.409755205E0,-9.797828674E0,-3.206163883E0,-1.070494175E0
9.429752671E0,-1.213968658E1,-4.443123341E0,1.047538757E0
9.449749770E0,-1.059033298E1,-9.887614250E0,-1.221847534E-1
9.469747236E0,-3.523545265E0,-1.272034645E1,-3.334321976E0
9.489744635E0,3.799655437E-1,-1.452311707E1,-5.895986080E0
9.509742101E0,3.529613018E0,-1.052843952E1,-4.057526588E0
9.529739567E0,6.372416496E0,-6.856678009E0,-3.614254951E0
9.549737033E0,4.901950836E0,-6.352316380E0,-1.095697403E0
9.569734432E0,8.200578690E0,-5.067944527E0,-1.821670532E-1
9.589731931E0,1.029041386E1,-4.064475060E0,-6.762905121E-1
9.609729397E0,1.130791092E1,-2.685179710E0,-1.337313652E0
9.629726929E0,1.186687469E1,-1.719161570E-1,1.392304420E0
9.649724461E0,7.136312962E0,7.818521261E-1,2.874667168E0
9.669721993E0,2.429666519E0,5.818235874E-1,3.655876160E0
9.689719459E0,3.061114788E0,-1.358953118E-1,1.986810684E0
9.709716925E0,8.660151482E0,-1.517501593E0,4.189300537E-1
9.729714457E0,1.354120445E1,-3.817633390E0,-3.357362747E-1
9.749712357E0,1.273598862E1,-7.321602345E0,-1.229697227E0
9.769709889E0,2.372501373E0,-1.301261139E1,-2.063661575E0
9.789707455E0,-1.308546543E0,-1.082243538E1,-5.310053825E0
9.809705088E0,2.392860889E0,-7.743366241E0,-4.940736771E0
9.829702821E0,2.682613134E0,-8.166761398E0,-2.978683949E0
9.849700554E0,5.702838898E-1,-8.180707932E0,-2.535285473E0
9.869698354E0,-7.120810986E0,-8.189393044E0,-2.825881958E0
9.889696120E0,-1.273980713E1,-6.471463203E0,-1.890966892E0
9.909693852E0,-9.073884010E0,-2.703355551E0,2.182955742E0
9.929691518E0,-5.060016632E0,-2.536569595E0,3.649335861E0
9.949689250E0,-4.782160282E0,-3.982891798E0,1.425904274E0
9.969686716E0,-8.337495804E0,-6.386823654E0,-1.429013252E0
9.989684382E0,-8.772288322E0,-8.242583275E0,-3.331738472E0
1.000968211E1,-5.878964424E0,-1.012665462E1,-4.202630520E0
1.002967985E1,-5.176632404E-1,-9.602748871E0,-2.371611595E0
1.004967758E1,2.808917522E0,-7.062551975E0,3.548135757E-1
1.006967524E1,-1.582203865E0,-8.230640411E0,-7.090263367E-1
1.008967294E1,-3.551461697E-1,-1.089471245E1,-1.141944885E0
1.010967051E1,4.888724327E0,-1.092358208E1,-3.503606319E0
1.012966798E1,1.317524433E1,-6.414240360E0,-7.808015823E0
1.014966544E1,1.568851852E1,-2.074955940E0,-4.151912212E0
1.016966291E1,1.156283760E1,2.587800503E0,2.391077995E0
1.018966031E1,5.645266533E0,2.163181543E0,6.298131943E0
1.020965774E1,4.021396637E0,3.445039690E-2,3.771772385E0
1.022965527E1,7.810176849E0,-1.140101194E0,-8.648443222E-1
1.024965274E1,9.342154503E0,-2.078459740E0,-2.297404766E0
1.026965047E1,7.873259544E0,-3.298055172E0,-2.363744259E0
1.028964800E1,6.990947723E0,-5.038861275E0,-1.879171848E0
1.030964553E1,5.925557137E0,-8.255134583E0,-8.382806778E-1
1.032964300E1,3.719168186E0,-1.065392780E1,-2.551579952E0
1.034964046E1,-5.964946747E-2,-9.841619492E0,-4.697892666E0
1.036963800E1,-1.401155949E0,-7.356147766E0,-4.607947826E0
1.038963553E1,-2.968000412E0,-5.131415367E0,-1.447350979E0
1.040963306E1,-7.386349201E0,-4.695670605E0,-3.158798218E-1
1.042963053E1,-8.902748108E0,-3.235540628E0,1.509528160E0
1.044962909E1,-7.517166138E0,-3.568295479E0,2.214963913E0
1.046962656E1,-5.551686287E0,-3.643100500E0,6.454801559E-1
1.048962403E1,-3.166086197E0,-3.943034887E0,-1.355939865E0
1.050962152E1,-2.017220020E0,-4.724210739E0,-2.808337212E0
1.052961899E1,-4.134422302E0,-5.977394581E0,-2.471213818E0
1.054961646E1,-5.210816383E0,-7.674827099E0,-2.281821728E0
1.056961386E1,-2.486009598E0,-5.946231842E0,-1.350858212E0
1.058961132E1,-3.923535347E-1,-4.098189831E0,6.466865540E-3
1.060960872E1,-7.691550255E-2,-4.742833138E0,1.724014282E0
1.062960625E1,2.144783497E0,-5.347976208E0,1.464900017E0
1.064960378E1,3.733093739E0,-4.700316429E0,-1.223917007E-1
1.066960132E1,4.570147991E0,-4.271395206E0,-1.603698730E0
1.068959878E1,5.809461117E0,-2.756351948E0,-2.051114559E0
1.070959625E1,6.380969524E0,-1.125498891E0,1.357364655E-2
1.072959378E1,5.620683193E0,3.688220978E-1,1.069593430E0
1.074959021E1,3.281220436E0,8.353050351E-1,1.432410240E0
1.076958774E1,1.102615118E0,6.345549822E-1,1.153078079E0
1.078958528E1,1.121165037E0,3.439915180E-1,3.690519333E-1
1.080958281E1,1.472512484E0,-5.119731426E-1,-3.827486038E-1
1.082958027E1,6.335369349E-1,-8.964195251E-1,-1.138919830E0
1.084957791E1,-6.833698750E-1,-1.094629407E0,-6.392440796E-1
1.086957577E1,-5.884370804E-1,-3.008818626E-1,1.108331680E-1
1.088957374E1,5.529711843E-1,2.877378464E-1,5.693540573E-1
1.090957180E1,1.143157959E0,4.775615335E-1,5.153999329E-1
1.092956987E1,4.336212277E-1,4.027172923E-1,7.681331635E-1
1.094956807E1,-5.476696491E-1,5.410132408E-1,8.364686966E-1
1.096956620E1,-2.855305970E-1,8.323654532E-1,8.619356155E-1
1.098956434E1,3.621467352E-1,4.808541536E-1,4.246702194E-1
1.100956254E1,-3.947437108E-1,-2.236487269E-1,-2.388620377E-1
1.102956074E1,-8.281261325E-1,-2.720162868E-1,-7.949438095E-1
1.104955884E1,-7.551473379E-1,-3.803977966E-1,-2.769393921E-1
1.106955697E1,-2.915530205E-1,-1.538413763E-1,-1.858205795E-1
1.108955517E1,-6.067436337E-1,-1.349896193E-2,3.346633911E-2
1.110955330E1,-7.586450577E-1,3.513463140E-1,4.104909897E-1
1.112955150E1,-5.830013156E-1,5.057911277E-1,4.741535187E-1
1.114954954E1,-1.085109115E0,3.742989898E-1,7.190017700E-1
1.116954740E1,-8.538917303E-1,6.900825500E-1,1.160515785E0
1.118954510E1,-5.648748875E-1,1.775335789E0,1.990880013E0
1.120954270E1,-1.459074259E0,1.953404188E0,3.285465240E0
1.122954023E1,-2.056610346E0,1.551071882E0,3.658776283E0
1.124953763E1,-6.146910191E-1,1.742533445E0,2.772554398E0
1.126953510E1,7.228598595E-1,1.095205069E0,1.376969337E0
1.128953263E1,-2.579307556E-2,-4.914960265E-2,-1.706171036E-1
1.130953016E1,-7.847976685E-2,-1.625775337E0,-8.456559181E-1
1.132952763E1,-4.967079163E-1,-2.170807600E0,-2.007811546E0
1.134952519E1,-2.307577133E-1,-1.234836340E0,-2.871027708E0
1.136952273E1,1.796051025E0,-8.686304092E-2,-1.500331402E0
1.138952026E1,2.923760891E0,-2.256790400E-1,-1.427600384E0
1.140951779E1,2.670345783E0,-7.387486696E-1,-2.477029324E0
1.142951526E1,1.257910728E0,-4.806051254E-1,-1.166204453E0
1.144951279E1,1.716047764E0,-1.967503309E0,-1.984969616E0
1.146951025E1,-2.235129356E0,-1.962879419E0,1.472534895E0
1.148950772E1,-2.765803337E-1,-3.971204758E-1,3.798790932E0
1.150950525E1,1.063493252E0,1.069772959E0,2.466116428E0
1.152950278E1,1.019807339E0,-1.165883541E-1,9.172835350E-1
1.154950032E1,5.790686607E-1,-9.900627136E-1,8.367724419E-1
1.156949735E1,-5.417380333E-1,-8.883397579E-1,1.020005703E0
1.158949481E1,-1.830733776E0,-9.522917271E-1,6.264314651E-1
1.160949221E1,-2.217090130E0,-3.066015244E-1,5.599288940E-1
1.162948968E1,-1.563275337E0,4.098088741E-1,6.547508240E-1
1.164948714E1,-4.422631264E-1,-2.999818325E-1,8.345460892E-2
1.166948461E1,-5.060963631E-1,-9.288375378E-1,-7.511034012E-1
1.168948208E1,2.322253227E0,-5.302162170E-1,-8.866724968E-1
1.170947954E1,4.377555847E0,7.729768753E-2,-1.281105995E0
1.172947707E1,1.944404602E0,-2.428844929E0,-3.060801506E0
1.174947454E1,2.587419510E0,-3.064319134E0,-4.802428246E0
1.176947207E1,5.932112694E0,-2.463694334E0,-4.492542744E0
1.178946960E1,7.187417984E0,-2.801308870E0,-2.178056717E0
1.180946714E1,8.579642296E0,-1.798597693E0,-4.938693047E-1
1.182946460E1,9.569390297E0,9.210715890E-1,3.191665649E0
1.184946207E1,3.632976770E0,7.987143993E-1,6.417643547E0
1.186946003E1,-2.414213181E0,-7.119214535E-2,6.633108139E0
1.188945720E1,-4.011126518E0,7.042633295E-1,5.270776749E0
1.190945473E1,4.301023483E-1,2.360536575E0,3.118020058E0
1.192945223E1,3.801725388E0,1.167897820E0,6.354503632E-1
1.194944993E1,3.309122086E0,-5.652804375E-1,-1.244653702E0
1.196944780E1,4.148030281E-2,-1.905044079E0,-1.917191505E0
1.198944573E1,9.623245597E-1,-6.611573696E-2,-8.556556702E-2
1.200944380E1,2.713602066E0,5.220568776E-1,1.686801910E0
1.202944193E1,5.107253075E0,1.399453044E0,2.030191422E0
1.204944006E1,3.773324013E0,4.148548841E-1,2.342864990E0
1.206943813E1,5.153675079E-1,-3.489258289E-1,2.899987221E0
1.208943626E1,2.516055107E-1,7.017202973E-1,1.702389240E0
1.210943432E1,1.779568195E0,6.475806832E-1,6.316289902E-1
1.212943246E1,2.701681614E0,3.181867003E-1,1.904487610E-1
1.214943059E1,1.515636444E0,-1.203689098E0,8.653945923E-1
1.216942872E1,2.645492554E-1,-1.803552985E0,1.165455341E0
1.218942715E1,6.444864273E-1,-8.975354433E-1,1.860094547E0
1.220942522E1,1.265368462E0,4.122135639E-1,2.669407606E0
1.222942332E1,1.295948029E-2,2.844975591E-1,3.494001865E0
1.224942128E1,-1.661519051E0,-8.206087351E-2,3.263655901E0
1.226941901E1,-2.779499531E0,3.814685345E-2,2.217533112E0
1.228941661E1,-1.806915760E0,8.279502392E-2,1.208607435E0
1.230941415E1,-5.097417831E-1,-1.900973320E-1,4.608922005E-1
1.232941155E1,3.171501160E-1,1.548516750E-2,7.214493155E-1
1.234940894E1,2.946739197E-1,6.283283234E-1,1.128102541E0
1.236940641E1,-8.239336014E-1,9.278130531E-1,2.259514093E0
1.238940388E1,-1.105328560E0,1.074434996E0,3.286875248E0
1.240940141E1,-6.237840652E-1,5.289771557E-1,3.581809998E0
1.242939887E1,-3.448467255E-1,1.577117443E-1,2.570357323E0
1.244939641E1,-3.992986679E-1,-4.711186886E-2,1.856779099E0
1.246939387E1,2.463836670E-1,1.999696493E-1,1.547676325E0
1.248939140E1,-3.059949875E-1,6.129426956E-1,2.180243492E0
1.250938894E1,-5.419340134E-1,4.187166691E-1,2.384507179E0
1.252938647E1,-1.632079601E0,-4.576272964E-1,2.139454365E0
1.254938393E1,-8.406209946E-2,-6.209723949E-1,9.819631577E-1
1.256938140E1,2.241307259E0,-5.074429512E-1,6.290688515E-1
1.258937893E1,3.308253765E0,-4.117639661E-1,6.250486374E-1
1.260937640E1,1.731075287E0,-4.317189455E-1,6.602439880E-1
1.262937393E1,8.796477318E-1,-4.244586229E-1,3.819398880E-1
1.264937146E1,1.793905258E0,-2.020058632E-1,2.944421768E-1
1.266936899E1,2.338189125E0,-1.991665959E-1,3.447599411E-1
1.268936646E1,1.533523798E0,-1.452373266E-1,3.922452927E-1
1.270936386E1,1.286105752E0,-4.531335831E-2,-5.971431732E-2
1.272936133E1,6.698300838E-1,-3.116402626E-1,-3.688240051E-1
1.274935879E1,-6.129641533E-1,2.546602488E-1,3.117771149E-1
1.276935626E1,-1.660774231E0,2.837830782E-2,1.111994743E0
1.278935366E1,-1.100781918E0,-1.236062050E-1,4.161949158E-1
1.280935116E1,-1.350393295E0,2.697214186E-1,-2.169609070E-3
1.282935012E1,2.226371765E-1,2.811809182E-1,3.664972782E-1
1.284934759E1,1.917769432E0,7.955637574E-2,1.144017816E0
1.286934512E1,4.791668415E0,1.275699377E0,6.792787313E-1
1.288934265E1,4.711872101E0,1.851014853E0,6.749730110E-1
1.290934018E1,3.113874912E0,1.323827863E0,5.232113600E-1
1.292933765E1,1.205274582E0,2.301069796E-1,9.796571732E-2
1.294933518E1,6.656551361E-1,-5.834746361E-1,-1.214853525E0
1.296933265E1,1.522187710E0,-4.519759417E-1,-1.137265921E0
1.298933018E1,1.448175430E0,-5.850742459E-1,-7.284500599E-1
1.300932771E1,3.432912827E-1,-9.588406682E-1,-8.998565674E-1
1.302932528E1,-1.752237320E0,-1.266842127E0,-3.724913597E-1
1.304932288E1,-2.696793556E0,-5.609129667E-1,7.501275539E-1
1.306932061E1,-2.249791145E0,2.687187791E-1,9.385567904E-1
1.308931841E1,-1.994314194E-1,4.130991995E-1,2.831053734E-2
1.310931611E1,-1.087759018E0,1.212275028E-1,-6.283868551E-1
1.312931234E1,-7.197599411E-1,-7.849532366E-1,-1.925653577E0
1.314931007E1,1.560863495E0,-1.452395082E0,-3.531077385E0
1.316930780E1,2.083418369E0,-1.814207077E0,-3.921828508E0
1.318930547E1,-2.151402473E0,-5.424792171E-1,6.565713882E-2
1.320930314E1,1.412815094E0,2.460436821E0,2.723796844E0
1.322930087E1,6.095964909E0,2.202230215E0,2.948977947E0
1.324929817E1,4.198333740E0,-5.384879112E-1,-2.432718277E-1
1.326929590E1,-3.176962852E0,-3.454889297E0,-2.765521526E0
1.328929357E1,-3.409246445E0,-1.136421204E0,-3.572625637E0
1.330929130E1,3.095201969E0,8.436874151E-1,-9.308795929E-1
1.332928853E1,7.421832561E0,1.205060601E0,2.025199890E0
1.334928606E1,6.742017746E0,9.211088419E-1,3.311227798E0
1.336928353E1,1.197112560E0,-3.990012407E-1,3.716033936E0
1.338928100E1,-3.817216396E0,-1.483200669E0,1.810877800E0
1.340927846E1,-2.536997557E0,-4.840764999E-1,-4.108419418E-1
1.342927589E1,2.647794247E0,-1.943588257E-2,-1.362708569E0
1.344927343E1,5.621438980E0,-3.395650387E-1,-1.464068890E0
1.346927089E1,4.112871170E0,-8.110930324E-1,-2.834343910E-1
1.348926842E1,7.007131577E-1,-5.480034351E-1,2.713787079E0
1.350926596E1,-3.413467407E-1,1.239574194E0,4.065076828E0
1.352926349E1,5.826454163E-1,1.532188296E0,3.604918957E0
1.354926139E1,2.743349075E-1,-3.890316486E-1,1.669209480E0
1.356925885E1,-1.157835007E0,-1.307282209E0,3.288892508E-1
1.358925639E1,-1.772059441E0,-1.990323067E-1,3.987659216E-1
1.360925385E1,-1.708799362E0,-4.546723366E-1,7.530785203E-1
1.362925178E1,-1.645751953E0,-6.521871090E-1,1.025986552E0
1.364924932E1,-1.556241035E0,8.197748661E-1,1.287242413E0
1.366924655E1,-1.115127563E0,8.536696434E-1,1.362138271E0
1.368924401E1,-8.461275101E-1,9.385859966E-1,1.813411832E0
1.370924148E1,-9.154243469E-1,7.277338505E-1,2.140026331E0
1.372923898E1,-1.130966187E0,5.006334782E-1,2.038897753E0
1.374923645E1,-2.165365696E0,6.706833839E-2,2.185302973E0
1.376923391E1,-2.380411148E0,3.891689777E-1,2.836123466E0
1.378923131E1,-8.200173378E-1,2.963399887E-2,3.533023357E0
1.380922878E1,3.225808144E-1,-2.247016430E-1,3.548213005E0
1.382922618E1,1.680299759E0,-3.431494236E-1,2.640172958E0
1.384922364E1,3.150436163E0,-2.459826469E-1,1.672609329E0
1.386922117E1,5.230230331E0,1.195156574E-1,1.078062057E0
1.388916081E1,6.244534492E0,3.076567650E-1,5.856065750E-1
1.390915834E1,4.754362583E0,1.447610855E-1,-1.204577446E0
1.392915581E1,-7.580008507E-1,-1.168420553E0,-1.853661537E0
1.394915334E1,-3.065803289E0,-4.762035608E-1,-7.756805420E-1
1.396915111E1,-5.365469456E-1,-1.874797344E-1,3.808717728E-1
1.398914864E1,2.891402245E-1,-3.678878546E-1,-1.259784698E-1
1.400914617E1,-1.129805088E0,-7.506502867E-1,-1.033520222E0
1.402914370E1,-3.386310577E0,-8.718035221E-1,-9.178557396E-1
1.404914117E1,-1.629861832E0,-7.345576286E-1,-1.152720451E-1
1.406913867E1,1.153141975E0,-6.795080900E-1,-2.819776535E-1
1.408913637E1,5.047903061E-1,-2.619695663E-1,-4.098792076E-1
1.410913423E1,-7.652530670E-1,-6.130757928E-1,6.590366364E-3
1.412913223E1,1.064249992E0,-8.868634701E-2,-3.762922287E-1
1.414913030E1,3.064949512E0,5.032317638E-1,4.989876747E-1
1.416912843E1,3.275989532E0,1.818920732E0,2.002784252E0
1.418912650E1,2.198041439E0,1.694016457E0,3.117104530E0
1.420912456E1,-5.942478180E-1,-2.614537477E-1,1.305618286E0
1.422912269E1,1.050969601E0,-4.608560205E-1,2.542624474E-1
1.424912083E1,5.111763954E0,2.049109340E-1,1.042539597E0
1.426911896E1,5.880347252E0,-1.058886409E0,1.860867500E0
1.428911702E1,-4.031953812E-1,-3.005253077E0,2.013103008E0
1.430911516E1,-1.961118221E0,-3.122419357E0,2.142407894E0
1.432911322E1,3.794417858E0,-1.948899150E0,1.011806011E0
1.434911129E1,5.462732792E0,-3.135703087E0,-6.197571754E-1
1.436910939E1,1.068736553E0,-4.164641380E0,-6.336574554E-1
1.438910735E1,-1.544486046E0,-3.625460148E0,1.346539021E0
1.440910508E1,-1.864417076E0,-1.809393883E0,2.302398682E-1
1.442910268E1,-6.127552986E-1,-1.437871456E0,-7.352900505E-1
1.444910022E1,-1.052653313E0,-2.243046284E0,-3.524913788E-1
1.446909762E1,-2.826745033E0,-3.502811432E0,-2.202106237E0
1.448909508E1,-6.746091843E-1,-2.459752083E0,-2.948927641E0
1.450909255E1,2.565709114E0,-1.676836014E-1,-9.010748863E-1
1.452909001E1,3.315401077E-2,-1.207400322E0,-1.791810036E0
1.454908741E1,-2.357092381E0,-2.224811554E0,-1.297378063E0
1.456908488E1,-4.525336742E0,-2.974781990E0,-7.869763374E-1
1.458908241E1,-3.443476200E0,-1.743000507E0,-7.898921967E-1
1.460907988E1,-2.287782669E0,-9.959120750E-1,-7.515368462E-1
1.462907741E1,-1.764978409E0,-2.077081203E0,-1.488539219E0
1.464907494E1,-3.352867126E0,-2.774994850E0,-2.060365915E0
1.466907247E1,-4.147772312E0,-2.389696121E0,-1.037333012E0
1.468906994E1,-3.491283894E0,-2.484446526E0,-2.042965889E-1
1.470906740E1,-2.105896950E0,-3.632387161E0,-3.149600029E-1
1.472906494E1,-8.253312111E-1,-3.439891100E0,2.214097977E-2
1.474906247E1,1.084522724E0,-3.035501957E0,1.419472694E-1
1.476906000E1,2.095278740E0,-3.050964117E0,-9.286422729E-1
1.478905747E1,1.079732418E0,-3.617011786E0,-1.574230194E0
1.480905500E1,8.164863586E-1,-4.038877964E0,-2.843282700E0
1.482905246E1,2.054365873E0,-4.423273563E0,-2.360075951E0
1.484904993E1,4.241289139E0,-2.324227095E0,-1.495892048E0
1.486904740E1,3.852334738E0,-1.321652174E0,-8.955631256E-1
1.488904486E1,2.125260592E0,-1.499817371E0,-3.028450012E-1
1.490904233E1,1.828889251E-1,-2.347678900E0,-1.133018970E0
1.492903973E1,-7.253545523E-1,-3.163324594E0,-2.571090698E0
1.494903719E1,-9.198618531E-1,-3.870271683E0,-2.410448551E0
1.496903466E1,2.488704681E0,-2.709257364E0,-1.774201870E0
1.498903219E1,3.908474445E0,-1.662019491E0,-2.202760220E0
1.500902972E1,3.071848869E0,-1.341829777E0,-1.872696400E0
1.502902726E1,2.749766827E0,-1.162833929E0,-8.646769524E-1
1.504902472E1,3.955879211E0,-2.156475782E-1,-5.578479767E-1
1.506902219E1,5.881347656E0,-3.644713759E-2,-7.506442070E-1
1.508901972E1,5.510993958E0,5.556063652E-1,-1.022076607E-1
1.510901719E1,2.703685760E0,6.858398914E-1,6.481666565E-1
1.512901472E1,-2.026834488E-1,2.075397521E-1,1.065134048E0
1.514901225E1,-1.312321186E0,-3.796282411E-2,9.974422455E-1
1.516900982E1,-1.895618439E-2,2.624342442E-1,8.257560730E-1
1.518900742E1,2.082283020E0,9.049099684E-1,9.906134605E-1
1.520900515E1,3.515023232E0,1.519456148E0,1.313368320E0
1.522900295E1,3.158809185E0,1.127156973E0,8.560414314E-1
1.524900075E1,2.732723713E0,5.381814241E-1,2.763533592E-1
1.526899848E1,2.857107639E0,2.088991404E-1,2.370815277E-1
1.528899615E1,3.465009689E0,-4.291284084E-2,1.458201408E-1
1.530899388E1,2.481700897E0,-1.181248188E0,-4.485964775E-1
1.532899154E1,-2.229523659E-1,-1.395773172E0,-1.054378033E0
1.534898921E1,-6.378066540E-1,-4.035747051E-1,-1.067780972E0
1.536898694E1,1.380143404E0,-2.850658894E-1,2.846231461E-1
1.538898467E1,3.244777679E0,-9.552133083E-1,1.550302505E-1
1.540898241E1,3.840537310E0,-1.416941881E0,-9.776182175E-1
1.542898007E1,2.759439945E0,-1.978759050E0,-1.139123440E0
1.544897780E1,1.175644517E0,-2.492642879E0,-1.092982292E0
1.546897544E1,1.126762152E0,-2.649826527E0,-1.210646152E0
1.548897304E1,2.038523674E0,-2.403526306E0,-1.088220119E0
1.550897050E1,3.062518120E0,-3.414765120E0,-9.890933037E-1
1.552896797E1,2.009038687E0,-5.006201744E0,-1.447186947E0
1.554896537E1,8.396506310E-1,-4.620349884E0,-1.703520298E0
1.556896277E1,5.418949127E-1,-3.993690014E0,-1.511041164E0
1.558896027E1,-5.647468567E-2,-3.356538773E0,-7.407236099E-2
1.560895773E1,2.657634258E0,-2.459385157E0,7.409858704E-2
1.562895526E1,3.416549206E0,-2.916649103E0,8.576483727E-1
1.564895280E1,7.482814789E-1,-5.341030598E0,-1.556349754E0
1.566895033E1,-2.017267704E0,-3.378920555E0,-3.327917099E0
1.568894779E1,-4.428018570E0,-1.369925499E0,-1.076804399E0
1.570894526E1,-3.155885220E0,-6.125378609E-1,1.814746380E0
1.572894279E1,7.826323509E-1,3.556880951E-1,1.735877991E-2
1.574894032E1,3.576597929E0,8.010101318E-2,-1.789408684E0
1.576893786E1,2.220297813E0,-1.525513172E0,-3.685695171E0
1.578893532E1,-1.764833927E0,-2.306389332E0,-3.124238968E0
1.580893285E1,-4.637403488E0,-2.837594032E0,-7.668666840E-1
1.582893032E1,-4.483881950E0,-2.071026325E0,1.438256264E0
1.584892779E1,-2.025036335E0,-1.457649708E0,7.752094269E-1
1.586892532E1,-9.068002701E-1,-2.939015865E0,-1.808952808E0
1.588892282E1,-2.019437313E0,-4.786382675E0,-4.464185715E0
1.590892028E1,-2.433523655E0,-5.651599884E0,-4.737523079E0
1.592891768E1,-1.344641685E0,-5.261940002E0,-1.203940868E0
1.594891515E1,-9.980506897E-1,-4.293233871E0,2.298606873E0
1.596891255E1,-1.284847260E-1,-4.657933712E0,2.779266834E0
1.598891001E1,5.679440498E-1,-6.118207932E0,1.984138489E-1
1.600890754E1,1.746340752E0,-6.714220047E0,-2.585502148E0
1.602890508E1,2.727481604E0,-6.604501724E0,-1.399102688E0
1.604890254E1,3.870647669E0,-4.109427929E0,6.420273781E-1
1.606890001E1,4.415350914E0,-2.532262325E0,5.255408287E-1
1.608889754E1,3.610838890E0,-2.149859905E0,5.256562233E-1
1.610889501E1,1.338491201E0,-2.519733906E0,-5.330653191E-1
1.612889254E1,-1.158860683E0,-3.411189079E0,-4.584517479E-1
1.614889007E1,-2.246379852E0,-3.225886822E0,-1.530213356E-1
1.616888760E1,-1.533458233E0,-3.096686363E0,1.272658825E0
1.618888507E1,6.213009357E-1,-3.620050430E0,9.796886444E-1
1.620888257E1,3.981792450E0,-3.245345116E0,-9.183259010E-1
1.622888027E1,6.428865910E0,-2.798129559E0,-2.813329935E0
1.624887813E1,6.438649178E0,-1.565694332E0,-1.910474062E0
1.626887613E1,6.009014606E0,5.586545467E-1,8.788561821E-1
1.628887417E1,4.460613251E0,1.168360233E0,2.010216236E0
1.630887230E1,6.562881470E-1,4.078388214E-3,1.080046177E0
1.632887043E1,-1.857336521E0,-1.418601751E0,-8.036453724E-1
1.634886857E1,-7.222414017E-1,-1.008502722E0,-2.827900887E0
1.636886677E1,1.096229553E0,-2.424933910E-1,-1.249604702E0
1.638886497E1,2.649581909E0,1.126270294E0,-2.140944004E-1
1.640886317E1,3.942828178E0,1.329131842E0,2.258160114E-1
1.642886130E1,4.702291489E0,1.496466160E0,-3.018300533E-1
1.644885950E1,5.162531853E0,1.658984900E0,-5.009019375E-1
1.646885763E1,5.124876022E0,1.697683573E0,-3.115944862E-1
1.648885583E1,5.224937439E0,1.780679703E0,1.573302746E-1
1.650885400E1,5.544758320E0,1.758052826E0,1.372443199E0
1.652885203E1,5.222352028E0,7.778396606E-1,1.406353951E0
1.654884983E1,4.464742184E0,-1.362456322E0,7.691955566E-2
1.656884750E1,2.053606510E0,-4.305132866E0,-4.927349091E-1
1.658884513E1,4.658341408E-2,-5.690877914E0,-1.135746479E0
1.660884260E1,3.801074028E-1,-4.624874115E0,-2.486644268E0
1.662884006E1,3.118898630E0,-3.846363544E0,-1.746056795E0
1.664883756E1,5.486645699E0,-4.474981785E0,-6.731753349E-1
1.666883509E1,4.656492233E0,-5.629505634E0,-1.750536442E0
1.668883256E1,1.763320208E0,-6.394382954E0,-2.312746048E0
1.670883002E1,1.283378601E0,-5.376353741E0,-4.395954609E-1
1.672882756E1,6.958470345E-1,-4.159909725E0,-1.308043003E0
1.674882509E1,1.791499138E0,-3.615433693E0,3.997159004E-2
1.676882262E1,2.070896149E0,-3.157917976E0,4.678182602E-1
1.678882009E1,1.626648903E0,-3.768630981E0,6.240980625E-1
1.680881762E1,9.914979935E-1,-4.491023064E0,2.817449570E-1
1.682881508E1,3.287200928E-1,-4.056483269E0,-9.128372669E-1
1.684881255E1,-1.205990791E0,-3.719261885E0,-5.498337746E-1
1.686881008E1,-2.390602112E0,-3.704742193E0,9.607505798E-2
1.688880761E1,-2.900939941E0,-2.984755516E0,-5.813407898E-2
1.690880515E1,-2.013200283E0,-2.648443222E0,6.197452545E-2
1.692880261E1,-1.368483543E0,-2.635604858E0,-3.502004147E-1
1.694880011E1,-1.086933613E0,-2.783349514E0,-1.326630116E0
1.696879751E1,-8.748373985E-1,-2.114962101E0,-9.947628975E-1
1.698879498E1,-6.959424019E-1,-2.041481495E0,-4.614412785E-1
1.700879244E1,-8.116021156E-1,-1.810402393E0,-1.009349823E0
1.702878991E1,-1.012003899E0,-1.973961353E0,-8.003537655E-1
1.704878731E1,-1.223585129E0,-1.977735043E0,-6.221673489E-1
1.706878477E1,-2.282338619E0,-2.245079994E0,-4.556508064E-1
1.708878231E1,-3.370200634E0,-3.138215065E0,-4.148523808E-1
1.710877977E1,-3.094798088E0,-2.496532917E0,-1.453735828E0
1.712877787E1,-2.486109257E0,-2.709416866E0,-9.709193707E-1
1.714877540E1,-1.832237244E0,-2.763246059E0,-6.325562000E-1
1.716877323E1,-1.354032516E0,-3.331316233E0,-1.446416378E-1
1.718877070E1,-1.812667847E0,-4.387312889E0,-3.662030697E-1
1.720876817E1,-8.153276443E-1,-5.777794838E0,-5.197544098E-1
1.722876570E1,-8.233928680E-2,-7.291715622E0,-5.151548386E-1
1.724876323E1,8.828201294E-1,-7.942239761E0,-7.720336914E-1
1.726876076E1,-3.103866577E-1,-9.507661819E0,-6.153888702E-1
1.728875823E1,-1.618691921E0,-1.342352486E1,-6.506443024E-3
1.730875579E1,-1.114739895E0,-1.832920265E1,-2.726206779E-1
1.732875353E1,3.253637314E0,-2.154534149E1,-3.321065903E-1
1.734875146E1,1.227380562E1,-1.799926758E1,-7.685194016E-1
1.736874942E1,2.259737206E1,-7.312676430E0,-4.026396275E0
1.738874749E1,2.497866631E1,8.776621819E-1,-7.270060539E0
1.740874562E1,1.728623199E1,1.110418081E0,-2.809401989E0
1.742874312E1,5.668449402E0,-1.578060508E0,1.227643490E0
1.744874126E1,-1.732909203E0,-1.727152109E0,1.548526287E0
1.746873902E1,-5.804839134E0,-6.304376125E-1,1.588907719E0
1.748873715E1,-6.310712337E0,1.593451500E-1,2.545523643E-1
1.750873528E1,-3.639981747E0,-1.904520988E-1,-1.721303463E0
1.752873342E1,6.493263245E-1,-4.165368080E-1,-1.517324448E0
1.754873148E1,4.123160362E0,1.005023479E0,-1.536345005E0
1.756872955E1,5.538276672E0,2.868115425E0,-6.121702194E-1
1.758872768E1,5.263958931E0,3.446565628E0,1.974797726E0
1.760872578E1,4.243387222E0,3.157703400E0,2.390467644E0
1.762872365E1,3.803593159E0,2.623466492E0,6.993441582E-1
1.764872131E1,3.787168980E0,1.629171371E0,-5.396394730E-1
1.766871895E1,3.867455482E0,8.473482132E-1,-1.253211021E0
1.768871641E1,3.166000366E0,-2.932882309E-2,-9.782466888E-1
1.770871381E1,2.407853603E0,-6.992754936E-1,-3.515634537E-1
1.772871128E1,2.760758162E0,-1.158210754E0,3.908710480E-1
1.774870874E1,3.810160160E0,-1.958138466E0,2.798757553E-1
1.776870621E1,5.302260876E0,-3.519719124E0,-3.907155991E-1
1.778870367E1,5.629979610E0,-6.447475433E0,-8.447704315E-1
1.780870121E1,5.470552444E0,-8.382011414E0,-2.010900259E0
1.782869867E1,5.390669823E0,-9.030084610E0,-2.618513823E0
1.784869620E1,5.198247910E0,-9.073558807E0,-1.858209610E0
1.786869374E1,5.247039795E0,-8.736948013E0,-8.505413532E-1
1.788869127E1,4.961783886E0,-7.924601078E0,-6.588418484E-1
1.790868873E1,3.023499012E0,-7.851065636E0,-9.894850254E-1
1.792868620E1,-3.612709045E-1,-7.274279118E0,-1.177402616E0
1.794868373E1,-4.832739830E0,-5.723057747E0,1.004824877E0
1.796868120E1,-8.436118126E0,-3.949361801E0,1.681475639E0
1.798867873E1,-7.867456913E0,-5.875407696E0,-9.383138418E-1
1.800867626E1,-4.239962578E0,-5.419146061E0,-6.828660965E-1
1.802867379E1,1.342816353E0,-2.961403847E0,-2.514063835E0
1.804867126E1,3.243043661E0,-2.169002533E0,-2.042112350E0
1.806866873E1,3.451618195E0,-1.872205734E0,-1.781707406E0
1.808866619E1,2.060584068E0,-1.518277645E0,-2.209366560E0
1.810866366E1,-2.007741928E-1,-2.480036259E0,-1.856229424E0
1.812866112E1,-2.150373459E0,-2.162184238E0,-4.767634869E-1
1.814865852E1,-3.438214779E0,-2.445948601E0,5.020902157E-1
1.816865599E1,-3.875446320E0,-2.773568153E0,3.366248608E-1
1.818865346E1,-3.312081337E0,-2.412123680E0,-4.955625534E-2
1.820865092E1,-1.538173199E0,-2.801494122E0,-9.414701462E-1
1.822864845E1,-1.903085709E0,-4.662498474E0,-1.625184655E0
1.824864598E1,-2.355268478E0,-6.507159233E0,-2.182985783E0
1.826864352E1,-1.968605042E0,-8.003870010E0,-2.057842255E0
1.828864098E1,-1.265383720E0,-9.599712372E0,-5.061080456E-1
1.830863852E1,7.927536964E-1,-1.157182312E1,-5.875511169E-1
1.832863598E1,4.410528660E0,-1.336368179E1,-1.409200668E0
1.834863351E1,6.987778664E0,-1.312619686E1,-3.091026068E0
1.836863104E1,8.545341492E0,-1.153461838E1,-1.534628868E0
1.838862858E1,9.285837173E0,-8.500661850E0,7.350797653E-1
1.840862611E1,9.095376968E0,-4.700615883E0,1.876007080E0
1.842862378E1,8.432044029E0,-1.972977638E0,7.990493774E-1
1.844862158E1,7.425486088E0,-7.967491150E-1,-7.063174248E-1
1.846861931E1,6.734955788E0,-6.388387680E-1,-9.074287415E-1
1.848861704E1,5.180310726E0,-4.645853043E-1,-8.068499565E-1
1.850861477E1,4.154211998E0,8.165779114E-1,4.346141815E-1
1.852861250E1,3.162360191E0,1.970003605E0,2.029925823E0
1.854861017E1,1.919888973E0,1.907884121E0,1.750856876E0
1.856860784E1,1.064127922E0,9.868898392E-1,4.381632805E-1
1.858860557E1,1.758170128E0,1.026442528E0,-1.014054060E0
1.860860330E1,2.302047729E0,1.437627792E0,-1.570731640E0
1.862860103E1,1.559963226E0,8.159444332E-1,-1.117205620E0
1.864859870E1,8.622579575E-1,1.877231598E-1,-6.197557449E-1
1.866859643E1,2.821140289E-1,2.368910313E-1,-4.556775093E-2
1.868859410E1,-3.654079437E-1,1.653423309E-1,-1.294311285E-1
1.870859170E1,-2.626571655E-1,-1.941680908E-2,-1.742184997E0
1.872858923E1,6.810369492E-1,4.319508076E-1,-3.016335487E0
1.874858670E1,9.246234894E-1,1.727950335E0,-1.246545672E0
1.876858416E1,-3.973217010E-1,2.710324526E0,4.701725245E-1
1.878858156E1,-1.666334629E0,2.673558235E0,1.350607395E0
1.880857906E1,-1.637577057E0,1.731978655E0,1.760122776E0
1.882857653E1,-5.557727814E-1,1.160874844E0,1.276665211E0
1.884857406E1,5.518531799E-1,6.910424232E-1,1.127009273E0
1.886857159E1,8.989810944E-1,7.458677292E-1,9.042328596E-2
1.888856912E1,2.211305618E0,1.141424179E-1,1.051769972E0
1.890856659E1,3.270555496E0,9.358596802E-1,1.078903913E0
1.892856405E1,4.698860168E0,2.221518517E0,1.715963125E0
1.894856158E1,6.133649349E0,2.630345821E0,2.474950075E0
1.896855905E1,5.407294750E0,1.119555473E0,1.738803148E0
1.898855658E1,4.831788540E0,-2.118022919E0,-1.258513927E-1
1.900855412E1,4.414819717E0,-5.136072159E0,-1.511274099E0
1.902855165E1,4.325415611E0,-6.469507217E0,-4.288964748E0
1.904854911E1,5.417055130E0,-8.345005035E0,-5.853876114E0
1.906854658E1,5.371624470E0,-9.658062935E0,-6.475445747E0
1.908854411E1,3.445691347E0,-1.088737297E1,-6.056020260E0
1.910854161E1,5.204582214E-2,-1.099272728E1,-6.324534416E0
1.912853908E1,-4.676941872E0,-8.153562546E0,-4.981721878E0
1.914853648E1,-5.885122299E0,-2.620826244E0,-1.433718920E0
1.916853394E1,-4.348428726E0,1.689360142E-1,2.953846931E0
1.918853134E1,-5.500946999E0,1.604865789E-1,4.052279949E0
1.920852877E1,-4.917323112E0,-2.675532103E-1,2.034029245E0
1.922852631E1,-2.661341667E0,-8.195781708E-1,8.618516922E-1
1.924852384E1,-1.110271454E0,-1.285860538E-1,-1.115494609E0
1.926852137E1,-1.592044830E-1,2.675646544E-1,-2.069525957E0
1.928851884E1,6.318502426E-1,4.306614399E-1,-1.153699517E0
1.930851637E1,-3.110504150E-2,3.996390104E-1,4.011454880E-1
1.932851383E1,-8.972253799E-1,-3.471360803E-1,9.079184532E-1
1.934851136E1,-2.456830025E0,-1.447901726E0,7.305229902E-1
1.936850890E1,-4.672438622E0,-2.099634171E0,-3.830985129E-1
1.938850643E1,-5.949442863E0,-2.702235460E0,-1.039307594E0
1.940850390E1,-5.668171883E0,-3.853486061E0,-7.677968144E-1
1.942850136E1,-2.961171150E0,-4.302821159E0,-4.809998274E-1
1.944849893E1,-5.460548401E-1,-5.015992165E0,-8.689019084E-1
1.946849666E1,-9.263420105E-2,-5.712535858E0,-9.888617992E-1
1.948849459E1,-1.382033348E0,-6.529994011E0,-1.589109778E0
1.950849259E1,-6.670050621E-1,-6.411579609E0,-1.920672536E0
1.952849066E1,3.604068756E-1,-6.600972176E0,-2.633062601E0
1.954848872E1,5.971747637E-1,-8.041354179E0,-2.194308281E0
1.956848679E1,8.668911457E-1,-9.080347061E0,-2.949034929E0
1.958848492E1,8.780274391E-1,-9.475033760E0,-3.968747854E0
1.960848305E1,9.323821068E-1,-9.684146881E0,-4.428013802E0
1.962848119E1,1.315938950E0,-9.355508804E0,-3.681513071E0
1.964847925E1,2.586412907E0,-6.435839653E0,-2.541750669E0
1.966847738E1,6.228465080E0,-1.492079258E0,-1.715450406E0
1.968847545E1,8.848086357E0,1.683577776E0,3.570796847E-1
1.970847352E1,7.899493217E0,1.659070969E0,3.073787212E0
1.972847165E1,6.680945396E0,-1.954014897E-1,3.331521034E0
1.974846975E1,4.921849251E0,-8.518886566E-1,1.671189666E-1
1.976846761E1,4.095304489E0,-8.254233599E-1,-1.539556861E0
1.978846528E1,3.770701408E0,-5.975136757E-1,-1.660115123E0
1.980846291E1,3.515913010E0,-1.370973587E-1,-9.372606277E-1
1.982846038E1,3.274418831E0,5.127832890E-1,-8.253753185E-4
1.984845784E1,3.582532883E0,1.063750267E0,4.444865286E-1
1.986845531E1,4.182460785E0,1.076657772E0,6.271616220E-1
1.988845278E1,5.289927483E0,1.111873627E0,7.844921947E-1
1.990845018E1,5.802360535E0,5.610818863E-1,2.895168960E-1
1.992844761E1,5.804518700E0,-4.154090881E-1,-6.646949053E-2
1.994844514E1,5.468957901E0,-1.979134798E0,-6.922603846E-1
1.996844261E1,4.299631596E0,-3.729978561E0,-1.740801334E0
1.998844014E1,2.738770008E0,-5.868278503E0,-2.023713350E0
2.000843767E1,1.666337490E0,-7.441770554E0,-2.571298361E0
2.002843520E1,2.472706318E0,-8.180761337E0,-2.768433809E0
2.004843267E1,3.647040367E0,-8.606801987E0,-2.627470970E0
2.006843013E1,5.250744820E0,-8.475255966E0,-1.490983725E0
2.008842767E1,4.493133068E0,-8.967633247E0,-1.238727570E0
2.010842520E1,3.256375074E0,-1.042583466E1,-1.938298941E0
2.012842273E1,7.380099297E-1,-1.109049606E1,-2.892444372E0
2.014842020E1,-1.390237808E-1,-9.119185448E0,-1.960489392E0
2.016841773E1,-2.372582436E0,-5.934421062E0,-3.960753381E-1
2.018841519E1,-5.475090027E0,-3.728416920E0,3.595752716E-1
2.020841266E1,-6.231462479E0,-4.110402584E0,-6.524397731E-1
2.022841016E1,-6.218086243E0,-5.437557220E0,-1.010797858E0
2.024840763E1,-4.384001732E0,-3.661974907E0,-7.425171137E-1
2.026840509E1,-3.400446892E0,-2.599879265E0,2.780795097E-2
2.028840249E1,-2.261624336E0,-1.270091534E0,1.546735406E0
2.030839996E1,-1.082488060E0,-9.723100662E-1,1.135710001E0
2.032839736E1,1.942939758E-1,-1.057812214E0,-5.452116132E-1
2.034839489E1,1.047925949E-1,-1.693104982E0,-2.821619511E0
2.036839242E1,-1.473628044E0,-3.261196375E0,-2.582031488E0
2.038839025E1,-3.699669838E0,-4.050954342E0,-1.799852967E0
2.040838772E1,-3.317162514E0,-2.576981544E0,-4.562881589E-1
2.042838518E1,-1.689465523E0,-2.097103834E0,5.398201942E-1
2.044838272E1,-2.937641144E-1,-2.228289127E0,9.753410816E-1
2.046838045E1,-8.875226974E-1,-2.012742043E0,2.938726842E-1
2.048837798E1,-1.489214897E0,-3.203389645E0,-6.001682281E-1
2.050837551E1,-2.332525253E-1,-3.718013048E0,-3.252711892E-1
2.052837304E1,6.354980469E-1,-3.957110882E0,7.050058246E-1
2.054837058E1,2.447829723E0,-3.049063206E0,-1.354533136E-1
2.056836824E1,3.361071825E0,-2.630923748E0,-9.057726860E-1
2.058836604E1,2.800692558E0,-2.886592388E0,-1.030317426E0
2.060836384E1,1.367592335E0,-3.470829487E0,-1.658066750E0
2.062836071E1,8.114429712E-1,-3.699400902E0,-2.438096046E0
2.064835837E1,6.401978731E-1,-4.147572041E0,-1.398184657E0
2.066835611E1,1.178372741E0,-3.855125427E0,-6.107891798E-1
2.068835347E1,1.536579609E0,-3.571753979E0,2.598828971E-1
2.070835114E1,1.527171612E0,-2.990638733E0,6.129753590E-2
2.072834887E1,6.314415932E-1,-2.519709587E0,-9.105579257E-1
2.074834660E1,-6.647634506E-2,-2.406808376E0,-1.141465425E0
2.076834407E1,1.216663361E0,-2.157958508E0,-4.959961474E-1
2.078834173E1,2.533313751E0,-1.430432796E0,1.415186524E-1
2.080833947E1,4.066773891E0,2.418098450E-1,-3.660222590E-1
2.082833713E1,4.252458572E0,1.129712582E0,-3.013505042E-1
2.084833480E1,3.671896935E0,1.200628042E0,-3.615471721E-2
2.086833233E1,3.844885826E0,8.684475422E-1,-9.630414844E-2
2.088832980E1,3.909140587E0,9.536266327E-3,5.047593117E-1
2.090832720E1,3.429780006E0,-4.569832087E-1,3.001542091E-1
2.092832553E1,2.405621529E0,-5.974013805E-1,-5.724332333E-1
2.094832299E1,1.215226173E0,-5.158768892E-1,-7.783145905E-1
2.096832046E1,7.856473923E-1,-7.684612274E-2,-3.217898309E-1
2.098831799E1,1.523433685E0,2.265386581E-1,2.591497898E-1
2.100831552E1,2.650832176E0,7.300589085E-1,6.400048733E-1
2.102831306E1,3.486713409E0,8.379197121E-1,4.545101523E-1
2.104831052E1,4.588103294E0,6.443986893E-1,1.383037493E-2
2.106830799E1,4.466410637E0,-2.560744286E-1,-6.409774423E-1
2.108830552E1,3.016076088E0,-1.232565403E0,-7.055088282E-1
2.110830305E1,1.759601116E0,-1.600712776E0,-8.929932714E-1
2.112830058E1,9.058151245E-1,-1.915440559E0,-8.062024117E-1
2.114829805E1,1.130991459E0,-2.507376194E0,-4.107135534E-2
2.116829558E1,1.167342186E0,-3.151165485E0,-2.489818633E-1
2.118829305E1,7.242722511E-1,-3.348039627E0,-7.634861469E-1
2.120829051E1,6.790235043E-1,-2.711761951E0,-5.787575245E-1
2.122828805E1,-8.011567593E-2,-2.559573650E0,-3.879325986E-1
2.124828558E1,-8.533833623E-1,-2.007545471E0,-2.727867961E-1
2.126828304E1,-2.887158394E-1,-1.634511948E0,-2.104749680E-1
2.128828044E1,8.805829287E-1,-1.718542099E0,-3.896322250E-1
2.130827791E1,2.107926846E0,-2.082471848E0,-7.091052532E-1
2.132827531E1,3.290567398E0,-2.554108143E0,-2.037554979E-1
2.134827277E1,3.036405563E0,-3.197935104E0,3.380002975E-1
2.136827027E1,1.818315029E0,-4.497422695E0,-3.349947929E-2
2.138826687E1,8.594794273E-1,-5.016547203E0,-1.003815293E0
2.140826434E1,9.584426880E-3,-5.210244179E0,-1.513433814E0
2.142826180E1,-3.859539032E-1,-4.856283188E0,-1.319462299E0
2.144825934E1,-5.755033493E-1,-2.918522835E0,-3.876329660E-1
2.146825680E1,-2.305323601E0,-2.558134794E0,9.347026348E-1
2.148825433E1,-3.793991089E0,-3.933327675E0,9.817478657E-1
2.150825187E1,-4.614133835E0,-3.989036560E0,5.922120810E-1
2.152824940E1,-4.338070869E0,-3.890892982E0,-9.499258995E-1
2.154824686E1,-3.152643204E0,-2.567460775E0,-3.437239885E0
2.156824433E1,-1.181375504E0,-1.530988693E0,-2.607527018E0
2.158824190E1,3.075056076E-1,-6.327508688E-1,-5.633533001E-1
2.160823960E1,1.575868607E0,-2.913315296E-1,5.379365683E-1
2.162823753E1,1.083403587E0,-7.445105910E-1,-2.749003172E-1
2.164823549E1,-8.243961334E-1,-1.377633095E0,-1.450210571E0
2.166823356E1,-2.613988876E0,-2.322259426E0,-8.002444506E-1
2.168823263E1,-2.987846375E0,-2.108543396E0,-2.819015980E-1
2.170823076E1,-1.722923279E0,-1.503519535E0,-6.962691545E-1
2.172822896E1,-4.139099121E-1,-1.776336193E0,2.234103680E-1
2.174822716E1,-1.918983459E-2,-1.598177552E0,-1.983824968E-1
2.176822536E1,5.668067932E-2,-1.460698724E0,-5.525650978E-1
2.178822349E1,1.819477081E-1,-1.840348721E0,-1.278010607E-1
2.180822159E1,1.505193710E-1,-1.816799164E0,-7.883214951E-2
2.182821972E1,-2.068214417E-1,-1.266661167E0,-1.151978970E-2
2.184821792E1,3.549671173E-1,-1.005215168E0,6.064866781E-1
2.186821612E1,1.195172310E0,-1.015525341E0,5.513727665E-1
2.188821429E1,1.152745724E0,-1.430962563E0,-6.363151073E-1
2.190821226E1,1.131855726E0,-2.236378193E0,-4.154121876E-1
2.192820999E1,4.954967499E-1,-2.637427330E0,-4.762340188E-1
2.194820769E1,-5.092206001E-1,-2.959713936E0,-5.382360220E-1
2.196820526E1,-1.621468306E0,-3.184205055E0,-6.232044697E-1
2.198820272E1,-3.510317802E-1,-3.548587322E0,-5.875599980E-1
2.200820019E1,1.713371277E-2,-4.111571789E0,-8.679304123E-1
2.202819769E1,1.105825424E0,-4.172947407E0,-1.003028631E0
2.204819515E1,5.847520828E-1,-4.354426861E0,-1.097941637E0
2.206819262E1,8.644213676E-1,-3.453814507E0,-7.422645688E-1
2.208819015E1,8.241090775E-1,-2.863480568E0,1.156394482E-1
2.210818778E1,1.018403530E0,-2.511230230E0,2.173449397E-1
2.212818531E1,2.164919853E0,-1.319185019E0,-3.255199194E-1
2.214818278E1,4.294146538E0,-8.243539333E-1,7.488036156E-2
2.216818031E1,5.561280251E0,-1.443996429E-1,-2.698435783E-1
2.218817778E1,5.597640038E0,3.549623489E-2,-3.914417028E-1
2.220817531E1,5.153170586E0,2.077555656E-2,-9.097825289E-1
2.222817284E1,4.073979378E0,2.194411755E-1,-9.219663143E-1
2.224817038E1,2.769726753E0,1.089003086E-1,-6.109544039E-1
2.226816791E1,1.904886246E0,-1.350505352E-1,-3.759005070E-1
2.228816537E1,1.700371742E0,2.311266661E-1,-2.336533070E-1
2.230816290E1,1.915194511E0,4.556323290E-1,1.367795467E-2
2.232816034E1,2.580394745E0,7.705068588E-1,1.200495958E-1
2.234815780E1,3.018242836E0,9.036498070E-1,7.290530205E-2
2.236815527E1,2.814579010E0,3.973100185E-1,1.741714478E-1
2.238815274E1,2.494427681E0,5.573534966E-2,-1.242115498E-1
2.240815014E1,1.896845818E0,-4.070887566E-1,-3.982660770E-1
2.242814757E1,1.683428764E0,-7.400283813E-1,-3.189749718E-1
2.244814510E1,1.908902168E0,-7.306122780E-1,1.089359522E-1
2.246814263E1,3.493853092E0,-6.547970772E-1,-4.748532772E-1
2.248813973E1,3.714028835E0,-1.686500549E0,-4.477539659E-1
2.250813720E1,2.983140469E0,-2.847298622E0,-5.757710338E-1
2.252813473E1,3.109889030E-1,-3.545854568E0,-9.720221758E-1
2.254813220E1,-5.338068008E-1,-3.591434956E0,-8.529440165E-1
2.256812966E1,1.475811005E-4,-3.077489376E0,-1.009270549E0
2.258812719E1,5.320572853E-1,-2.958063126E0,-5.969030857E-1
2.260812472E1,3.401415348E-1,-2.925646782E0,7.157796621E-2
2.262812226E1,2.322216034E-1,-2.943568707E0,1.551216245E-1
2.264811972E1,4.843816757E-1,-3.021773338E0,-8.075419664E-1
2.266811726E1,1.532049417E0,-3.334538937E0,-1.551478744E0
2.268811479E1,1.896933079E0,-3.810424328E0,-1.181320429E0
2.270811259E1,2.112314701E0,-4.168668747E0,-1.113779783E0
2.272811052E1,8.212413788E-1,-4.582211018E0,-1.381772876E0
2.274810849E1,-1.695995331E-1,-4.602383614E0,-9.494589567E-1
2.276810655E1,-1.100788116E0,-3.946520805E0,-9.281169176E-1
2.278810505E1,-7.410144806E-1,-2.832082748E0,-5.723839998E-1
2.280810318E1,1.162939072E-1,-1.923658848E0,1.826367378E-1
2.282810125E1,-3.398132324E-2,-1.050752282E0,-2.644741535E-2
2.284809938E1,-2.559900284E-1,-1.180510163E0,1.120954752E-1
2.286809751E1,-1.280210495E0,-2.155748367E0,2.075232267E-1
2.288809565E1,-2.496911049E0,-2.734198332E0,7.046329975E-2
2.290809371E1,-2.431012154E0,-1.469488621E0,-2.237067223E-1
2.292809178E1,-2.276496887E0,-2.419652939E-1,-8.558571339E-1
2.294808991E1,-1.749939919E0,-4.926478863E-1,-6.661078930E-1
2.296808804E1,-1.158295631E0,-1.089445591E0,8.082807064E-2
2.298808611E1,-6.044578552E-2,-1.385923386E0,1.934489012E-1
2.300808391E1,1.412792206E-1,-8.128869534E-1,-9.704608917E-1
2.302808161E1,4.957990646E-1,-2.602922916E-1,-8.838368654E-1
2.304807917E1,-2.712020874E-1,-2.399203777E-1,-4.900169373E-1
2.306807657E1,-6.416711807E-1,6.049394608E-2,4.881605506E-1
2.308807404E1,-1.328531265E0,-5.661010742E-3,1.034161687E0
2.310807150E1,-1.288143158E0,-1.893503666E-1,7.678573132E-1
2.312806897E1,-1.794284821E0,-7.625465393E-1,-1.744110584E-1
2.314806640E1,-1.826496124E0,-1.051561117E0,-1.193335772E0
2.316806393E1,-2.871787071E0,-2.248875380E0,-1.465832353E0
2.318806140E1,-3.221334457E0,-3.005824089E0,-5.186135769E-1
2.320805893E1,-1.803794861E0,-2.933362722E0,-8.451148868E-1
2.322805646E1,2.719621658E-1,-2.419581652E0,-9.332033396E-1
2.324805400E1,5.612783432E-1,-2.154102087E0,-6.947355866E-1
2.326805146E1,-2.354202271E-1,-2.420531273E0,6.336726546E-1
2.328804893E1,1.213550568E-1,-2.945485592E0,4.878621101E-1
2.330804646E1,6.395325661E-1,-2.922223568E0,1.156658530E-1
2.332804393E1,1.100871563E0,-2.448608637E0,-6.256943941E-1
2.334804146E1,2.960461855E0,-9.147300720E-1,-2.038493633E0
2.336803899E1,3.007240295E0,-9.678506851E-1,-1.002880335E0
2.338803639E1,1.860973835E0,-1.097633362E0,-3.743639886E-1
2.340803386E1,7.595133781E-1,-9.268341064E-1,-1.237236559E-1
2.342803132E1,3.000190258E-1,-1.291095734E0,-2.133418024E-1
2.344802882E1,-6.323924065E-1,-2.121674538E0,-6.091737747E-1
2.346802629E1,-5.131769180E-1,-2.189525604E0,-7.229387760E-1
2.348802375E1,-3.844997883E-1,-1.281385422E0,2.270286083E-1
2.350802115E1,-2.480643988E-1,-1.248798370E0,4.584223330E-1
2.352801862E1,3.441154659E-1,-1.726875305E0,1.884529293E-1
2.354801602E1,3.397823572E-1,-1.739646435E0,-6.245156527E-1
2.356801348E1,1.408777237E-1,-1.849685669E0,-1.150559068E0
2.358801008E1,1.916339397E-1,-2.358933449E0,-8.288052082E-1
2.360800761E1,-2.590351105E-1,-2.448181629E0,-5.006349087E-1
2.362800578E1,1.901531219E-2,-2.643344879E0,8.438311517E-2
2.364800324E1,1.845693111E0,-2.464896679E0,3.361581862E-1
2.366800078E1,2.765401363E0,-1.459177971E0,-1.358121186E-1
2.368799838E1,3.429290771E0,-4.414672852E-1,-4.474846125E-1
2.370799591E1,3.488772392E0,4.900407791E-2,-6.895622611E-1
2.372799344E1,3.248320580E0,3.257930279E-1,-7.451188564E-1
2.374799097E1,3.128149033E0,2.895004749E-1,-4.508520961E-1
2.376798807E1,2.553752899E0,6.925916672E-2,1.835985482E-1
2.378798564E1,1.797235489E0,1.634809971E-1,3.611534834E-3
2.380798337E1,1.265314102E0,-3.707098961E-2,-1.189523935E-2
2.382798110E1,6.814022064E-1,-1.222016811E-1,-3.008075356E-1
2.384797890E1,4.995918274E-1,-2.830526829E-1,-1.746517122E-1
2.386797664E1,4.321212769E-1,-1.293489933E-1,-6.588673592E-2
2.388797530E1,4.411344528E-1,3.505754471E-2,-3.241071701E-1
2.390797297E1,1.757478714E-1,-1.925325394E-1,-8.350788355E-1
2.392797000E1,-1.706981659E-1,-5.658385754E-1,-1.138434649E0
2.394796773E1,-5.299272537E-1,-9.454722404E-1,-7.985484600E-1
2.396796546E1,-1.653490067E-1,-9.115462303E-1,-5.002483130E-1
2.398796320E1,9.591884613E-1,-3.237202168E-1,-7.403261960E-2
2.400796086E1,1.093200684E0,4.741168022E-2,-2.498088032E-1
2.402795859E1,5.825815201E-1,-5.665063858E-2,-1.102187395E0
2.404795626E1,-4.494285583E-2,-4.010729790E-1,-1.366572618E0
2.406795429E1,-1.651363373E-1,-1.084112167E0,-1.118632078E0
2.408795183E1,1.137404442E0,-2.265333652E0,-6.114850044E-1
2.410794936E1,-5.708036423E-1,-2.457372427E0,1.174034834E0
2.412794683E1,7.391138077E-1,-1.255712271E0,1.585526228E0
2.414794422E1,1.691200256E0,-9.704613686E-1,5.682389736E-1
2.416794169E1,1.810709000E0,-1.875264645E-1,1.478652477E0
2.418793916E1,-2.977967262E-1,4.678215981E-1,1.755448341E0
2.420793669E1,-2.141534328E0,1.054946423E0,1.406956673E0
2.422793422E1,-2.107444763E0,1.066805840E0,8.777618408E-1
2.424793175E1,-6.625852585E-1,1.172080755E0,4.912209511E-1
2.426792922E1,4.184899330E-1,8.110187054E-1,-5.491871834E-1
2.428792668E1,-8.387136459E-2,-1.670136452E-1,-3.763656616E-1
2.430792422E1,-3.359541893E-1,2.203514576E-1,1.154808998E-1
2.432792168E1,-9.330263138E-1,1.109977245E0,8.112449646E-1
2.434791921E1,-2.100902796E0,3.281226158E-1,1.161855698E0
2.436791675E1,-2.262442112E0,5.901207924E-1,1.116005898E0
2.438791438E1,-1.741780400E0,6.306102276E-1,1.316339493E0
2.440791184E1,1.611072659E0,5.376088619E-1,-6.644096375E-1
2.442787476E1,1.736734390E0,-1.213444471E0,-1.684226990E0
2.444787229E1,-1.125628710E0,-1.306107521E0,-7.218408585E-1
2.446786983E1,-3.190272808E0,2.645146847E-1,2.203666687E0
2.448786729E1,-2.754226208E0,1.556931257E0,-5.780744553E-1
2.450786469E1,9.345366359E-1,7.022316456E-1,4.193553925E-1
2.452786189E1,1.523874998E0,-5.996313095E-1,4.921236038E-1
2.454785929E1,-4.182801247E-1,-1.057270527E0,-2.950010300E-1
2.456785669E1,-1.290422440E0,9.192276001E-2,-3.241543770E-1
2.458785419E1,-1.889663219E0,8.183598518E-1,7.355456352E-1
2.460785172E1,-1.450977325E0,1.582715750E0,1.125944614E0
2.462784925E1,-1.622662067E0,2.304016590E0,1.617238998E0
2.464784672E1,-2.262109280E0,8.856804371E-1,2.201949120E0
2.466784425E1,8.653688431E-2,6.621432304E-2,1.060400963E0
2.468784172E1,1.394654751E0,3.212938309E-1,-3.978123665E-1
2.470783925E1,2.711451054E0,6.125943661E-1,-8.503203392E-1
2.472783678E1,1.943270683E0,6.133327484E-1,-4.680685997E-1
2.474783431E1,-2.709226131E0,2.882258892E-1,2.616518497E0
2.476783178E1,-3.754235744E0,-1.082488298E0,5.570233345E0
2.478782924E1,3.313281536E0,-1.457972527E-1,2.684928894E0
2.480782678E1,1.823776722E0,-5.968503952E-1,1.181748867E0
2.482782457E1,6.613407135E-1,-2.234384775E0,9.756138325E-1
2.484782237E1,-4.676485062E-1,-2.447404623E0,2.213954926E-3
2.486782034E1,-6.962013245E-2,-2.043785810E0,9.884489775E-1
2.488781834E1,1.814464569E0,-1.986214161E0,1.166823149E0
2.490781641E1,1.713802814E0,-2.926560402E0,2.121061981E-1
2.492781447E1,3.669815063E-1,-3.662884474E0,-4.188504219E-1
2.494781260E1,1.894814491E0,-1.347855091E0,1.531895280E0
2.496781074E1,1.184076786E0,-1.018996477E0,5.507265329E-1
2.498780887E1,1.048349857E0,-7.953310013E-1,2.087109089E-1
2.500780693E1,-1.691597939E0,-2.565440416E0,4.782795906E-2
2.502780507E1,-1.739131927E0,-3.434370995E0,-5.720391273E-1
2.504780313E1,-3.224573135E-1,-1.368165493E0,-3.143170357E0
2.506780120E1,5.798339844E-3,1.510220766E-1,-2.835502625E0
2.508779933E1,-6.891107559E-1,9.400081635E-2,-3.571572304E-1
2.510779746E1,-8.279399872E-1,-2.945370078E-1,8.810434341E-1
2.512779553E1,-2.474308014E-2,-5.447797775E-1,4.114732742E-1
2.514779333E1,6.568350792E-1,-1.233821750E0,-9.658346176E-1
2.516779103E1,-7.320070267E-2,-1.692823410E0,-1.000667095E0
2.518778859E1,-6.680316925E-1,-2.363686085E0,-1.098773479E0
2.520778606E1,-1.210165501E0,-2.160673618E0,-2.520432472E-1
2.522778352E1,-2.601999760E0,-2.787616253E0,1.047098637E0
2.524778099E1,-9.349169731E-1,-2.668759823E0,1.375250340E0
2.526777839E1,2.467465401E-1,-2.689934254E0,3.252859116E-1
2.528777579E1,1.488447189E-1,-2.845992804E0,3.369579315E-1
2.530777329E1,6.689920425E-1,-2.968547821E0,3.467254639E-1
2.532777075E1,1.113493919E0,-1.453375459E0,4.149742126E-1
2.534776828E1,3.568782806E-1,-4.243040085E-2,8.818807602E-1
2.536776582E1,1.903476715E-1,-4.091076851E-1,4.428925514E-1
2.538776335E1,1.379196644E-1,-1.447365761E0,4.756598473E-1
2.540776082E1,7.149653435E-1,-1.233774185E0,9.783744812E-2
2.542775828E1,4.186151028E-1,-8.349180222E-1,1.876840591E-1
2.544775581E1,-8.293172121E-1,-7.391734123E-1,1.015655041E0
2.546775335E1,-4.277670383E-1,-7.762486935E-1,1.137021542E0
2.548775088E1,3.210707605E-1,-7.123947144E-1,-2.940597534E-1
2.550774834E1,-3.758155107E-1,-1.059380054E0,-5.381898880E-1
2.552774588E1,-4.335464835E-1,-1.592329264E0,-8.284664154E-2
2.554774334E1,4.347370863E-1,-9.482150078E-1,-4.303979874E-1
2.556774081E1,2.217686892E0,8.438205719E-2,-4.899520874E-1
2.558773897E1,1.769675255E0,-2.298903465E-1,-1.355733871E-1
2.560773647E1,1.393703938E0,-7.503273487E-1,5.920133591E-1
2.562773394E1,2.856676579E-1,-9.688324928E-1,4.761776924E-1
2.564773134E1,-1.034155607E0,-8.822793961E-1,-2.636709213E-1
2.566772880E1,3.169431686E-1,-2.659134865E-1,-1.957869530E-1
2.568772620E1,5.108351707E-1,-4.709367752E-1,7.030010223E-2
2.570772367E1,3.796830177E-1,-4.380304813E-1,1.079628944E0
2.572772120E1,-1.176967621E-1,-1.659410000E-1,1.382245064E0
2.574771873E1,5.935616493E-1,-6.959755421E-1,5.825862885E-1
2.576771620E1,3.419301987E0,2.353615761E-1,-3.298768997E-1
2.578771366E1,3.195003510E0,2.908751965E-1,6.240000725E-1
2.580771120E1,-7.428073883E-2,1.272797585E-1,1.827183008E0
2.582770866E1,-2.939599037E0,-7.228455544E-1,5.460243225E-1
2.584770619E1,1.781648159E0,-1.780320168E0,-1.282546520E0
2.586770373E1,1.874013901E0,-2.060460329E0,5.378627777E-2
2.588770062E1,9.734859467E-1,-8.364763260E-1,2.034471035E-1
2.590769809E1,4.768075943E-1,9.569263458E-1,1.138813972E0
2.592769566E1,-9.154229164E-1,2.001198769E0,2.507369995E0
2.594769339E1,6.796073914E-2,1.569237709E0,1.459343553E0
2.596769119E1,2.327735901E0,1.033681393E0,-3.764635324E-1
2.598768899E1,1.541934967E0,2.396740913E-1,3.128120303E-1
2.600768672E1,-1.017088890E-1,9.310970306E-1,1.506065488E0
2.602768446E1,-9.656925201E-1,7.946114540E-1,1.561401606E0
2.604768212E1,-1.029499054E0,5.621385574E-1,2.367057323E0
2.606767979E1,-6.005282402E-1,2.107181549E-1,1.234490633E0
2.608767752E1,5.218701363E-1,-2.287554741E-1,6.659560204E-1
2.610767525E1,4.978046417E-1,3.391199112E-1,9.936771393E-1
2.612767298E1,-6.646261215E-1,5.111136436E-1,8.589639664E-1
2.614767065E1,-1.388742447E0,4.983477592E-1,9.283876419E-1
2.616766838E1,-7.366523743E-1,3.997864723E-1,1.702823639E0
2.618766605E1,-2.792534828E-1,8.205986023E-1,2.023910522E0
2.620766378E1,-6.283800602E-1,7.959699631E-2,3.136418819E0
2.622766141E1,4.597239494E-1,8.666682243E-1,2.835566521E0
2.624765894E1,1.779857635E0,1.187413692E0,5.842123032E-1
2.626765634E1,-2.909517288E-2,-1.289005280E-1,1.085281372E-2
2.628765374E1,-5.238132477E-1,-3.507819176E-1,-9.453773499E-3
2.630765121E1,1.009659410E0,-3.559212685E-1,-4.074544907E-1
2.632764861E1,1.079438806E0,-9.447813034E-1,-9.671287537E-1
2.634764614E1,9.726548195E-1,-8.761029243E-1,-9.179902077E-1
2.636764367E1,7.264271975E-1,-3.019118309E-1,-4.321017265E-1
2.638764120E1,-1.048830450E-1,1.965475082E-2,1.889805794E-1
2.640763867E1,-4.177482724E-1,2.373099327E-1,6.888742447E-1
2.642763614E1,7.725637555E-1,6.467490196E-1,-9.064197540E-3
2.644763367E1,3.970633745E-1,1.476879120E-1,4.565525055E-2
2.646763120E1,4.467596412E-1,2.556033134E-1,3.810658455E-1
2.648762873E1,-3.675843477E-1,-4.214811325E-2,5.424790382E-1
2.650762620E1,-7.919015884E-1,1.501121521E-1,6.779584885E-1
2.652762373E1,-5.864990950E-1,6.769151688E-1,1.213423729E0
2.654762120E1,5.212198496E-1,9.040813446E-1,1.321312904E0
2.656761866E1,-4.530007839E-1,-7.987403870E-2,6.940717697E-1
2.658761619E1,-2.743628502E0,-2.404655457E0,4.869835377E-1
2.660761373E1,-1.280796409E0,-1.188845634E0,-1.009371758E0
2.662761126E1,4.506280422E-1,6.894111633E-3,-1.096374512E0
2.664760866E1,1.767595053E0,-9.345035553E-1,-7.656365037E-1
2.666760612E1,-4.287660122E-1,-2.942293167E0,-8.297092915E-1
2.668760352E1,-3.062707663E0,-2.529099941E0,-7.893550396E-1
2.670760099E1,-1.275059700E0,-9.711694717E-1,-1.055027366E0
2.672759845E1,5.011135340E-1,-5.741434097E-1,-7.633168697E-1
2.674759595E1,4.475252032E-1,-3.740930557E-1,-8.328245878E-1
2.676759342E1,-3.086056113E-1,-6.238422394E-1,-7.225261927E-1
2.678759088E1,-4.531536698E-1,-2.579135895E-1,3.553720713E-1
2.680758842E1,-5.394289494E-1,-1.699638367E-2,6.968868971E-1
2.682758588E1,3.492748737E-2,5.442132950E-1,4.660317898E-1
2.684758342E1,4.943087697E-1,8.588199615E-1,5.450568199E-1
2.686758095E1,-2.788478136E-1,4.239339828E-1,4.659227133E-1
2.688757848E1,-3.690444231E-1,2.823190689E-1,7.125309110E-2
2.690757594E1,-6.416609287E-1,-2.136802673E-2,-2.993604541E-2
2.692757341E1,-6.688025594E-1,-2.159223557E-1,-3.504222631E-1
2.694757094E1,-6.897976995E-1,-3.862819672E-1,-4.042010009E-1
2.696756851E1,-4.249677062E-1,-4.124565125E-1,-1.659398377E-1
2.698756631E1,-4.843330979E-1,-4.133214951E-1,-2.441972494E-3
2.700756421E1,-2.956065536E-1,-3.148984909E-1,5.083522201E-2
2.702756224E1,1.936075985E-1,-4.598617554E-3,1.219619811E-1
2.704756027E1,-1.067853570E-1,-2.903490067E-1,1.504570544E-1
2.706755841E1,-2.576937973E-1,-1.637096405E-1,-1.187289357E-1
2.708755661E1,-4.722857475E-1,-6.527900696E-2,1.737721562E-1
2.710755481E1,-5.877336860E-1,7.033538818E-2,3.379672170E-1
2.712755301E1,-6.197799444E-1,4.400253296E-3,2.364277840E-1
2.714755114E1,-4.997542500E-1,-1.009941101E-2,9.244900942E-2
2.716754934E1,-2.662575245E-2,2.503585815E-2,4.158997536E-2
2.718754747E1,4.913038015E-1,8.305168152E-2,1.461182833E-1
2.720754567E1,2.017102242E-1,4.270267487E-2,1.675774455E-1
2.722754387E1,-3.119819462E-1,-2.813339233E-2,2.170903683E-1
2.724754207E1,-3.052096963E-1,-9.051895142E-2,2.268820405E-1
2.726754017E1,-2.000400424E-1,-1.850528717E-1,-5.191922188E-3
2.728753804E1,1.466537118E-1,-3.802881241E-1,-3.507541418E-1
2.730753580E1,2.571909428E-1,-5.754709244E-1,-4.977788627E-1
2.732753344E1,3.153091669E-1,-4.393491745E-1,-5.010819435E-1
2.734753104E1,-6.999039650E-2,-3.535079956E-1,-7.648587227E-2
2.736752850E1,-3.682556152E-1,-1.557865143E-1,2.470120192E-1
2.738752597E1,-3.528040648E-1,2.583980560E-2,4.479605556E-1
2.740752344E1,-1.709557772E-1,9.349822998E-3,3.692959547E-1
2.742752090E1,-3.056168556E-1,-2.242155075E-1,1.101145148E-1
2.744751843E1,-7.021911144E-1,-4.993352890E-1,6.834369898E-2
2.746751596E1,-7.833805084E-1,-2.238979340E-1,2.694606781E-2
2.748751350E1,-7.574396729E-1,-4.610986710E-1,2.922892570E-3
2.750751096E1,-1.144054174E0,-5.836362839E-1,-1.540039182E-1
2.752750850E1,-1.599102259E0,-3.025074005E-1,-1.774789095E-1
2.754750596E1,-1.254078388E0,-3.569498062E-1,7.266712189E-2
2.756750343E1,-1.039588451E0,-6.875839233E-1,-2.574058771E-1
2.758750096E1,-6.068536639E-1,-8.244829178E-1,-7.427563071E-1
2.760749849E1,-2.104462385E-1,-6.252307892E-1,-5.238780975E-1
2.762749602E1,-2.131412029E-1,-8.493518829E-2,4.751322269E-1
2.764749349E1,-3.134196997E-1,7.844944000E-1,1.365762234E0
2.766749102E1,-2.815392017E-1,9.507417679E-1,8.826649189E-1
2.768748849E1,-3.282358646E-1,7.302246094E-1,8.543007374E-1
2.770748595E1,9.924767017E-1,1.184062958E0,4.345486164E-1
2.772748342E1,1.962509155E-1,7.686328888E-1,1.292097569E0
2.774748088E1,1.566634178E-1,5.789861679E-1,4.557547569E-1
2.776747828E1,-7.995128632E-2,6.932544708E-2,-5.011482239E-1
2.778747568E1,-3.004579544E-1,-6.889815331E-1,-1.634554863E-1
2.780747318E1,1.506376028E0,-1.049473763E0,2.742581367E-1
2.782747071E1,2.907331467E0,-4.722514153E-1,1.643453598E0
2.784746825E1,-9.488844872E-2,1.247529984E0,1.710626125E0
2.786746578E1,-3.765796185E0,1.798663616E0,1.218988895E0
2.788746331E1,-3.317360878E-1,-3.581299782E-1,2.270213127E0
2.790746078E1,-2.314305305E-1,-5.962958336E-1,2.724428654E0
2.792745824E1,-1.626195669E0,-1.023562908E0,2.238595486E0
2.794745577E1,-2.351902008E0,-1.381503105E0,1.400925159E0
2.796745331E1,-7.408823967E-1,-1.117469311E0,2.653646469E-2
2.798745084E1,-6.388962269E-1,-4.694252014E-1,-1.170268297E0
2.800744830E1,-7.471907139E-2,8.090591431E-2,-1.732836485E0
2.802744584E1,1.002192378E0,9.000425339E-1,-1.530726671E0
2.804744330E1,8.286312819E-1,1.677208900E0,-7.384796143E-1
2.806744090E1,5.687987804E-2,6.419534683E-1,-3.124237061E-1
2.808743877E1,1.165151596E-2,-9.680747986E-2,-1.335544586E-1
2.810743670E1,5.576300621E-2,1.847743988E-2,1.412572861E-1
2.812743463E1,-9.413957596E-3,3.640394211E-1,2.216959000E-1
2.814743270E1,-3.166877031E-1,2.105150223E-1,7.869100571E-2
2.816743083E1,-7.515592575E-1,-1.438283920E-1,1.262741089E-1
2.818742890E1,-7.231488228E-1,-3.270244598E-2,-6.328153610E-2
2.820742703E1,-4.650032520E-1,4.083824158E-2,1.001696587E-1
2.822742516E1,-6.188179255E-1,6.052207947E-2,1.492905617E-1
2.824742329E1,-1.293661356E0,-2.510318756E-1,-8.189978600E-1
2.826742136E1,9.813965559E-1,1.878395081E-1,-4.427003860E-1
2.828741943E1,-5.403122902E-1,3.955259323E-1,2.227358818E-1
2.830741756E1,-2.677630186E-1,-2.572402954E-1,1.373729706E-1
2.832741569E1,-1.196753979E0,-1.128902435E-1,6.253061295E-1
2.834741382E1,-1.040294409E0,-3.125457764E-1,5.455598831E-1
2.836741182E1,-7.536509633E-1,-2.529716492E-1,9.525189400E-1
2.838740962E1,-8.622836471E-1,-5.409784317E-1,6.907978058E-1
2.840740725E1,-6.052168608E-1,-3.033037186E-1,1.428742409E-1
2.842740478E1,-5.531442165E-2,2.738485336E-1,-3.697633743E-1
2.844740225E1,4.538599253E-1,6.900701523E-1,-7.791926861E-1
2.846739972E1,3.274123669E-1,5.727233887E-1,-4.162256718E-1
2.848739718E1,-1.432549953E-1,2.148828506E-1,-3.143033981E-1
2.850739458E1,-1.154603958E-1,1.423988342E-1,-2.852993011E-1
2.852739208E1,-3.642915487E-1,-1.784038544E-2,2.117080688E-1
2.854738955E1,-3.414809704E-1,2.608995438E-1,5.338373184E-1
2.856738708E1,-7.567279339E-1,2.911539078E-1,4.338130951E-1
2.858738461E1,-7.403503656E-1,-9.553527832E-2,4.540233612E-1
2.860738214E1,-1.895151138E-1,-1.495494843E-1,7.828330994E-2
2.862737961E1,-3.870577812E-1,-4.674282074E-1,-3.846831322E-1
2.864737708E1,-5.332140923E-1,-2.245635986E-1,1.301403046E-1
2.866737461E1,-4.781479836E-1,4.739952087E-2,-1.713960171E-1
2.868737207E1,-1.893869638E-1,1.870117188E-1,-2.567267418E-1
2.870736960E1,3.197515011E-1,3.948726654E-1,-1.391711235E-1
2.872736714E1,-2.571650743E-1,1.093702316E-1,-1.484289169E-1
2.874736467E1,-2.196859121E-1,1.007013321E-1,1.346020699E-1
2.876736214E1,-4.594218731E-1,4.112720490E-2,1.623783112E-1
2.878735960E1,-3.790931702E-1,2.055511475E-1,5.148005486E-1
2.880735713E1,-4.611535072E-1,1.355705261E-1,4.050335884E-1
2.882735463E1,-3.680124283E-1,7.006072998E-2,2.918114662E-1
2.884735210E1,-9.084272385E-2,1.536273956E-2,6.366682053E-2
2.886734950E1,-3.035180569E-1,-1.144113541E-1,-1.891205311E-1
2.888734696E1,-3.393920660E-1,-1.228666306E-1,-2.153122425E-1
2.890734436E1,-4.536443949E-1,-1.817197800E-1,-1.600618362E-1
2.892734180E1,-4.425522089E-1,9.288024902E-2,2.142739296E-2
2.894733933E1,-3.022885323E-1,1.805095673E-1,1.761431694E-1
2.896733686E1,-2.642357349E-1,1.693553925E-1,4.137110710E-1
2.898733439E1,-2.979643345E-1,1.454410553E-1,2.942385674E-1
2.900733186E1,-3.824366331E-1,2.350425720E-2,3.783216476E-1
2.902732939E1,-4.074820280E-1,4.859638214E-2,3.361775875E-1
2.904732686E1,-4.857364893E-1,2.832412720E-4,1.549925804E-1
2.906732439E1,-4.487793446E-1,-1.425380707E-1,4.698038101E-3
2.908732192E1,-3.971290588E-2,1.820487976E-1,-2.603125572E-2
2.910731945E1,-2.561578751E-1,-3.147811890E-1,-8.058547974E-5
2.912731692E1,-9.130885601E-1,-6.406879425E-2,3.870768547E-1
2.914731442E1,-4.989473820E-1,-2.853155136E-1,2.998061180E-1
2.916731205E1,-3.214106560E-1,-3.428478241E-1,-1.820241451E0
2.918730978E1,6.002612114E-1,3.877258301E-1,1.114547491E0
2.920730758E1,6.990127563E-1,1.360724449E0,7.401630878E-1
2.922730535E1,1.703386307E-1,9.614658356E-2,1.225709915E-3
2.924730308E1,-7.657611370E-1,-4.873971939E-1,-7.039833069E-1
2.926730075E1,-4.302668571E-2,1.962280273E-2,-1.192095518E0
2.928729841E1,2.737383842E-1,7.926950455E-1,-5.828037262E-1
2.930729614E1,-2.887156010E-1,4.654130936E-1,6.911101341E-1
2.932729388E1,-1.813797951E-1,2.598867416E-1,1.223422050E0
2.934729161E1,-3.378288746E-1,-3.895282745E-2,9.511373043E-1
2.936728927E1,-4.989147186E-1,-2.072057724E-1,5.538783073E-1
2.938728701E1,-5.221235752E-1,-3.347558975E-1,1.015136242E-1
2.940728467E1,-3.154444695E-2,-2.794456482E-2,-3.974249363E-1
2.942728234E1,2.915320396E-1,4.819221497E-1,-4.508364201E-1
2.944728004E1,3.120088577E-2,4.395961761E-1,-1.960330009E-1
2.946727767E1,-4.613292217E-1,2.548570633E-1,-1.638090611E-1
2.948727514E1,-6.673209667E-1,-2.881908417E-2,-3.298828602E-1
2.950727254E1,-6.914043427E-1,-2.631320953E-1,-1.741595268E-1
2.952727000E1,-7.874430418E-1,-3.891143799E-1,-1.461815834E-1
2.954726740E1,3.360967636E-1,4.003524780E-2,2.853302956E-1
2.956726493E1,-5.250134468E-1,1.480121613E-1,6.756353378E-2
2.958726246E1,8.455157280E-1,1.757144928E-1,3.626108170E-1
2.960726000E1,-3.385376930E-2,5.148496628E-1,1.672124863E-2
2.962725746E1,-1.336920261E-1,2.157392502E-1,4.407725334E-1
2.964725493E1,-6.845675707E-1,-1.189908981E-1,5.330457687E-1
2.966725246E1,-9.810190201E-1,1.431655884E-2,1.820923805E0
2.968724993E1,-1.147818804E0,-9.177083969E-1,8.587074280E-1
2.970724746E1,-1.556869030E0,-7.738289833E-1,6.588602066E-2
2.972724499E1,-1.187856674E0,-6.745166779E-1,-5.413279533E-1
2.974724252E1,-7.796524763E-1,-4.132180214E-1,2.468953133E-1
2.976723999E1,1.816363335E-1,-1.071453094E-2,3.790388107E-1
2.978723745E1,7.027635574E-1,4.843759537E-1,1.573390961E-1
2.980723499E1,5.760855675E-1,7.929363251E-1,1.583766937E-1
2.982723252E1,1.581174135E-1,5.365753174E-1,3.585467339E-1
2.984723005E1,-3.086241484E-1,1.015052795E-1,3.032302856E-2
2.986722745E1,-8.945233226E-1,-2.392911911E-1,-2.002100945E-1
2.988722492E1,-8.971835971E-1,-2.576961517E-1,-2.283043861E-1
2.990722231E1,-2.819679976E-1,-1.096267700E-1,-2.494697571E-1
2.992721971E1,4.314064980E-2,1.195983887E-1,-1.136422157E-1
2.994721718E1,-1.462037563E-1,1.722106934E-1,-1.510524750E-2
2.996721468E1,-1.795030832E-1,4.471111298E-2,-4.855442047E-2
2.998721221E1,-3.164281845E-1,7.710170746E-2,3.297615051E-2
3.000720968E1,-3.101348877E-1,7.371139526E-2,1.589717865E-1
3.002720721E1,-1.775346994E-1,3.146648407E-2,4.123730659E-1
3.004720467E1,-4.197218418E-1,-4.529953003E-2,4.285869598E-1
3.006720221E1,-4.133257866E-1,5.466938019E-2,3.371758461E-1
3.008719974E1,-4.206947088E-1,-6.456375122E-3,2.165298462E-1
3.010719727E1,-3.842345476E-1,-5.084037781E-3,1.086711884E-2
3.012719474E1,-3.573226929E-1,-2.493000031E-2,-1.608037949E-1
3.014719220E1,-3.968755007E-1,-8.973217010E-2,-1.091756821E-1
3.016718973E1,-6.405181885E-1,-1.593751907E-1,2.525806427E-2
3.018718720E1,-7.082250118E-1,-3.508305550E-1,-1.055355072E-1
3.020718480E1,1.229133606E-1,4.043579102E-2,-4.356369972E-1
3.022718267E1,-2.035324574E-1,2.291679382E-2,-4.315757751E-2
3.024718063E1,2.332085371E-1,6.399641037E-1,1.801508904E0
3.026717860E1,7.797620296E-1,8.560600281E-1,5.027470589E-1
3.028717666E1,6.874656677E-2,-5.479621887E-2,-6.096887589E-1
3.030717620E1,-1.887731552E-1,-1.097249985E-1,-4.178953171E-2
3.032717433E1,-1.121294498E-1,-8.988571167E-2,-1.067762375E-1
3.034717246E1,-3.253650665E-2,-5.546951294E-2,-1.952042580E-1
