"Time (s)","Linear Acceleration x (m/s^2)","Linear Acceleration y (m/s^2)","Linear Acceleration z (m/s^2)","Absolute acceleration (m/s^2)"
0.000000000E0,-4.038214684E-6,3.119185567E-5,5.166053772E-3,5.166149515E-3
1.000000000E-2,1.451162621E-3,8.393339813E-4,5.167007446E-3,5.432156150E-3
2.000750000E-2,6.650239229E-3,-7.357576862E-3,3.150367737E-2,3.302788680E-2
3.000750000E-2,-1.778884418E-2,-1.062615588E-2,4.107379913E-2,4.600451219E-2
4.000750000E-2,-3.161855042E-2,-5.886728317E-2,1.129035950E-1,1.311956993E-1
5.000750000E-2,1.168549433E-2,-2.053839713E-2,-1.879024506E-2,3.019022762E-2
6.000750000E-2,-5.080867559E-4,-1.081369910E-2,5.064296722E-2,5.178710621E-2
7.000750000E-2,-1.252609864E-2,-2.960096672E-2,2.909469604E-2,4.335460432E-2
8.000750000E-2,2.341344953E-6,-1.170601789E-2,5.303001404E-2,5.430665934E-2
9.000750000E-2,1.930369809E-2,-1.665639132E-2,1.056995392E-1,1.087311396E-1
1.000075000E-1,-8.613927290E-3,-2.638453152E-3,6.977272034E-2,7.035192735E-2
1.100075000E-1,-1.334761828E-2,-1.010571234E-2,4.822540283E-2,5.104873959E-2
1.200075000E-1,-1.142990217E-2,-1.994939055E-3,3.387832642E-2,3.581010257E-2
1.300081150E-1,1.013497077E-2,9.862916544E-3,4.106235504E-2,4.342938817E-2
1.400081150E-1,1.391495764E-2,1.837268472E-2,6.499481201E-2,6.896018546E-2
1.500081150E-1,2.143550664E-3,-2.002574690E-2,1.033039093E-1,1.052488623E-1
1.600081150E-1,-7.374394685E-3,-9.754230268E-4,6.738948822E-2,6.779879254E-2
1.700081150E-1,6.348039955E-3,1.087240782E-2,2.189445496E-2,2.525616798E-2
1.800081150E-1,-1.285734773E-2,2.035680413E-2,2.189445496E-2,3.254347896E-2
1.900081150E-1,-6.804689765E-3,-9.415427223E-3,6.739234924E-2,6.838627647E-2
2.000081150E-1,-2.001333982E-3,-2.883627452E-2,9.612369537E-2,1.003757983E-1
2.100081150E-1,-1.027603820E-2,3.070091829E-3,1.080970764E-1,1.086278065E-1
2.200081150E-1,8.831331506E-3,4.386092722E-2,6.260585785E-2,7.694976797E-2
2.300081150E-1,8.742270991E-3,2.850369550E-3,5.782032013E-2,5.854691562E-2
2.400081150E-1,2.059075236E-2,1.005924121E-2,5.303192139E-2,5.777155098E-2
2.500081150E-1,1.035234146E-2,-2.832830325E-2,-2.051353455E-3,3.023031243E-2
2.600081150E-1,2.358028665E-3,-2.031795122E-2,1.709651947E-2,2.665840241E-2
2.700086700E-1,7.146194577E-3,1.052869670E-2,3.864479065E-2,4.068588693E-2
2.800086700E-1,-7.143896073E-3,1.510023326E-2,9.371376038E-2,9.519097215E-2
2.900086700E-1,-2.616852336E-2,-1.756638754E-3,8.174324036E-2,8.584774160E-2
3.000086700E-1,-1.435864531E-2,-5.260781385E-3,8.175754547E-2,8.317537350E-2
3.100086700E-1,-4.889225587E-3,-3.155933693E-2,3.626632690E-2,4.832331468E-2
3.200081700E-1,-2.111103386E-4,-3.154835477E-2,4.584217072E-2,5.564932949E-2
3.300081700E-1,8.812235668E-3,1.865573600E-2,1.711463928E-2,2.680676894E-2
3.400081700E-1,1.828174107E-2,9.117295966E-3,2.190208435E-2,2.995076695E-2
3.500081700E-1,-5.082359537E-3,1.949021965E-2,6.259155273E-2,6.575257800E-2
3.600081700E-1,-7.364684716E-3,1.005493198E-2,8.653545380E-2,8.742839929E-2
3.700081700E-1,-1.213928871E-2,-6.567214616E-3,8.174705505E-2,8.290399054E-2
3.800084360E-1,-7.408743724E-3,-1.616650075E-2,4.343795776E-2,4.693720704E-2
3.900084360E-1,-2.659037709E-4,-1.854306459E-2,4.104423523E-2,4.503937383E-2
4.000084360E-1,7.760822773E-4,-5.731957965E-3,2.429485321E-2,2.497393718E-2
4.100084360E-1,3.119207919E-3,3.966664895E-2,5.781459808E-2,7.018333313E-2
4.200084360E-1,1.028161496E-4,1.451160759E-2,8.175563812E-2,8.303361783E-2
4.300081690E-1,-2.867969871E-2,2.878462337E-2,9.133243561E-2,9.996346060E-2
4.400081690E-1,-5.942497402E-3,2.565382048E-3,1.009244919E-1,1.011318324E-1
4.500081690E-1,-1.426672190E-2,-5.297558382E-3,4.347991943E-2,4.606633123E-2
4.600081690E-1,-1.708418131E-5,-1.252440829E-2,3.150749207E-2,3.390550326E-2
4.700081690E-1,-4.982504994E-3,-1.740691066E-2,4.347801208E-2,4.709738241E-2
4.800081690E-1,1.996694878E-2,1.349772327E-2,1.714038849E-2,2.957465967E-2
4.900081690E-1,1.527139544E-2,4.997129552E-3,3.627872467E-2,3.967786141E-2
5.000081690E-1,2.479974926E-2,1.453836169E-2,6.501007080E-2,7.108235245E-2
5.100081690E-1,-3.980699927E-3,-1.183952205E-2,6.022071838E-2,6.150248106E-2
5.200086690E-1,-1.828341559E-2,-1.905166730E-2,6.740379333E-2,7.239144057E-2
5.300086690E-1,-6.418425590E-3,5.279202014E-5,5.782699585E-2,5.818213148E-2
5.400086690E-1,-1.683611423E-3,7.148723118E-3,4.106616974E-2,4.171773108E-2
5.500086690E-1,2.453804761E-2,-2.218317240E-5,2.909469604E-2,3.806070954E-2
5.600086690E-1,7.919313386E-3,8.538392372E-3,2.907848358E-2,3.132375897E-2
5.700081690E-1,1.037718542E-2,5.983177572E-3,5.062770844E-2,5.202546735E-2
5.800081690E-1,1.497635897E-2,-1.721829362E-2,6.738376617E-2,7.114304539E-2
5.900081690E-1,-1.328446157E-2,-1.883528009E-2,7.455635071E-2,7.803777371E-2
6.000081690E-1,-1.578309946E-2,-1.395427436E-2,5.300807953E-2,5.704107727E-2
6.100081690E-1,-9.703693911E-3,1.053718664E-2,2.428531647E-2,2.819522253E-2
6.200081690E-1,-2.173428237E-2,5.820215680E-3,5.062198639E-2,5.539710685E-2
6.300084350E-1,1.731685922E-2,6.300201174E-3,6.500625610E-2,6.756759194E-2
6.400084350E-1,2.783268690E-3,1.351675577E-2,6.979370117E-2,7.114499276E-2
6.500084350E-1,4.251765087E-3,-2.356162854E-2,4.584312439E-2,5.171866104E-2
6.600084350E-1,-3.207491711E-3,-8.089279756E-3,5.302143097E-2,5.373077882E-2
6.700084350E-1,-1.522814669E-2,8.696056902E-3,3.626155853E-2,4.027925625E-2
6.800081680E-1,3.747135401E-3,3.811006434E-3,6.020259857E-2,6.043937184E-2
6.900081680E-1,-8.264003322E-3,6.101984065E-3,5.302047729E-2,5.400647158E-2
7.000081680E-1,-4.515364766E-3,5.513283890E-3,6.261062622E-2,6.301488185E-2
7.100081680E-1,1.460571587E-2,7.803232875E-3,4.585075378E-2,4.874945130E-2
7.200081680E-1,-4.660815001E-3,2.220156416E-2,4.824542999E-2,5.331279549E-2
7.300081680E-1,6.164338440E-3,-1.607417315E-2,5.782222748E-2,6.033065640E-2
7.400081680E-1,-2.741869539E-4,5.185918417E-3,5.302429199E-2,5.327799236E-2
7.500081680E-1,9.068250656E-4,-1.144429762E-2,4.584980011E-2,4.726519279E-2
7.600081680E-1,-2.148679271E-2,-2.356324345E-2,4.344844818E-2,5.389504942E-2
7.700086680E-1,6.787784398E-3,6.372116506E-3,3.867149353E-2,3.977640378E-2
7.800086680E-1,1.146398671E-2,3.869495122E-3,4.345989227E-2,4.511272792E-2
7.900091680E-1,2.500429749E-3,-1.044986211E-2,5.302524567E-2,5.410294303E-2
8.000091680E-1,2.643762715E-2,1.475252211E-3,4.344749451E-2,5.088034274E-2
8.100091680E-1,-6.724484265E-3,-6.306769792E-3,4.343318939E-2,4.440085556E-2
8.200086680E-1,-1.390686072E-2,-4.006900825E-3,4.103946686E-2,4.351659304E-2
8.300086680E-1,-6.724841893E-3,1.037125289E-2,5.061626434E-2,5.210367167E-2
8.400086680E-1,-9.216157719E-3,7.016225718E-4,4.103946686E-2,4.206741824E-2
8.500086680E-1,-1.880618185E-2,1.252054702E-2,3.625106812E-2,4.271506190E-2
8.600086680E-1,-7.072726265E-3,8.662307635E-3,4.344749451E-2,4.486361342E-2
8.700086680E-1,4.841336980E-3,6.348310970E-3,4.105377197E-2,4.182286204E-2
8.800089340E-1,4.674252123E-3,6.369537674E-3,5.302429199E-2,5.360965570E-2
8.900089340E-1,1.261577010E-3,1.380147785E-2,4.584884644E-2,4.789769396E-2
9.000089340E-1,-1.321541518E-2,1.730998047E-3,6.500339508E-2,6.635574523E-2
9.100089340E-1,1.073724777E-2,4.093144089E-3,4.584980011E-2,4.726781662E-2
9.200089340E-1,-8.522018790E-3,8.832217194E-3,5.063724518E-2,5.210339206E-2
9.300086670E-1,7.732614875E-3,-1.707560569E-2,6.022644043E-2,6.307609507E-2
9.400086670E-1,-1.837667078E-3,-5.191850476E-3,5.543804169E-2,5.571093966E-2
9.500086670E-1,6.049897522E-3,-1.876658201E-2,6.021308899E-2,6.335930828E-2
9.600086670E-1,3.657065332E-3,5.088013597E-3,5.063724518E-2,5.102345155E-2
9.700086670E-1,3.615424037E-3,5.039472133E-3,5.063724518E-2,5.101566592E-2
9.800086670E-1,1.220725477E-3,-2.176342532E-3,4.584884644E-2,4.591670020E-2
9.900086670E-1,-1.080807298E-2,-4.611692391E-3,4.584789276E-2,4.732981533E-2
1.000008667E0,-1.091619208E-2,-1.913210936E-2,5.781936646E-2,6.187309589E-2
1.010009167E0,2.321529761E-2,-8.356386796E-3,5.303859711E-2,5.849676937E-2
1.020009633E0,-8.348450065E-4,1.054594293E-3,4.346084595E-2,4.348165436E-2
1.030009633E0,-8.334405720E-4,3.412984777E-3,6.261539459E-2,6.271387987E-2
1.040010133E0,-3.125559539E-3,-7.505947258E-3,6.499385834E-2,6.550045792E-2
1.050010133E0,4.072075710E-3,-9.883886203E-3,3.865623474E-2,4.010707533E-2
1.060010133E0,-5.630536005E-3,1.169850491E-2,4.583930969E-2,4.764242087E-2
1.070009633E0,-3.279682249E-3,1.891340502E-2,4.583835602E-2,4.969535277E-2
1.080009633E0,3.846028820E-3,1.892679743E-2,5.541515350E-2,5.868436620E-2
1.090009133E0,6.364589557E-3,-1.269670855E-2,4.104995728E-2,4.343746540E-2
1.100009133E0,-6.826426834E-4,-3.106629010E-3,4.105091095E-2,4.117395335E-2
1.110009133E0,1.655049622E-3,-1.510527451E-2,1.950263977E-2,2.472370250E-2
1.120009133E0,-1.766711101E-2,-7.785521448E-4,2.189636230E-2,2.814575700E-2
1.130009399E0,-2.011469007E-2,2.786618099E-2,4.823303223E-2,5.922457427E-2
1.140009399E0,-2.849034965E-3,2.034039237E-2,6.499481201E-2,6.816285022E-2
1.150009399E0,4.864083603E-3,1.481055375E-2,8.175754547E-2,8.323045148E-2
1.160009399E0,2.426451072E-3,7.533901837E-3,6.499767303E-2,6.547781946E-2
1.170009399E0,-4.625283182E-3,-8.532404900E-5,4.584312439E-2,4.607594360E-2
1.180009132E0,-7.000308484E-3,-5.288633052E-3,4.584407806E-2,4.667604795E-2
1.190009132E0,1.683381945E-2,-7.611167151E-3,3.866004944E-2,4.284748260E-2
1.200009132E0,1.433361322E-2,-1.471091248E-2,5.302619934E-2,5.686511435E-2
1.210009132E0,-1.404620707E-4,-1.713759452E-2,2.668762207E-2,3.171665252E-2
1.220009132E0,-1.462688670E-2,-1.000101771E-2,5.063056946E-2,5.364159518E-2
1.230009132E0,-1.937463880E-2,2.565351315E-3,5.781269073E-2,6.102675533E-2
1.240009132E0,6.850333884E-3,1.198806241E-2,6.260204315E-2,6.410660279E-2
1.250009132E0,9.182943031E-3,7.099639624E-3,5.302429199E-2,5.427989376E-2
1.260009132E0,-5.059484392E-4,-7.240935229E-3,3.626441956E-2,3.698371605E-2
1.270009632E0,-6.215292960E-4,-9.736523032E-3,4.584026337E-2,4.686700252E-2
1.280009632E0,-3.075450659E-3,-1.222693361E-2,4.823589325E-2,4.985637071E-2
1.290009632E0,4.070764408E-3,4.493018147E-3,5.062961578E-2,5.099133583E-2
1.300009632E0,1.598891988E-2,-7.513048127E-3,5.541801453E-2,5.816569251E-2
1.310009132E0,-7.652696222E-4,-4.205792211E-4,4.823493958E-2,4.824284320E-2
1.320008665E0,-8.301511407E-3,-7.271349896E-3,4.823398590E-2,4.948034981E-2
1.330008665E0,3.737883642E-3,-1.441836357E-4,5.302238464E-2,5.315417045E-2
1.340008165E0,-1.159815118E-3,1.459813304E-2,7.217597961E-2,7.364660680E-2
1.350008165E0,1.311180927E-2,-4.648976494E-3,7.456970215E-2,7.585626542E-2
1.360008165E0,-3.651181236E-3,9.549618699E-3,6.738662720E-2,6.815778655E-2
1.370008165E0,-1.248475164E-3,2.401749138E-3,4.344367981E-2,4.352792672E-2
1.380008431E0,-3.690738231E-3,7.215294056E-3,6.259822845E-2,6.312067983E-2
1.390008431E0,3.443840891E-3,-9.520732798E-3,4.344367981E-2,4.460782116E-2
1.400008431E0,3.319928423E-3,-2.171855420E-2,4.583835602E-2,5.083180504E-2
1.410008431E0,9.942557663E-4,6.918729283E-3,4.823303223E-2,4.873687267E-2
1.420008431E0,-3.841431811E-3,2.598506957E-2,6.738662720E-2,7.232522357E-2
1.430008164E0,-1.432934776E-3,1.144716702E-2,7.456970215E-2,7.545681820E-2
1.440008164E0,-1.585398056E-2,1.826283056E-3,4.583835602E-2,4.853698478E-2
1.450008164E0,-1.608736813E-2,-3.036182374E-3,4.823303223E-2,5.093571649E-2
1.460008164E0,-1.088700257E-2,-8.852388710E-4,4.823398590E-2,4.945531184E-2
1.470008164E0,-1.824264787E-2,1.111858059E-2,4.583835602E-2,5.057244228E-2
1.480008164E0,1.629924402E-3,-6.037728861E-3,2.668666840E-2,2.740965329E-2
1.490008164E0,-1.004492864E-2,-1.445990987E-3,4.105377197E-2,4.228952204E-2
1.500008164E0,9.000988677E-3,5.697237328E-3,5.302524567E-2,5.408468349E-2
1.510008164E0,-5.362590775E-3,5.549240857E-3,3.147697449E-2,3.240912490E-2
1.520008664E0,1.773772761E-3,-1.365338545E-2,4.344749451E-2,4.557681410E-2
1.530008664E0,-2.557970583E-4,-8.810495958E-3,4.584312439E-2,4.668278403E-2
1.540008664E0,-6.979547441E-3,-8.422872983E-3,3.866100311E-2,4.017875102E-2
1.550008664E0,-1.181016490E-2,-1.152574085E-3,5.302715302E-2,5.433863615E-2
1.560008664E0,1.494064927E-4,8.330143988E-3,5.302715302E-2,5.367767299E-2
1.570008164E0,4.947930574E-3,-5.954162218E-3,5.781555176E-2,5.833157027E-2
1.580008164E0,-1.146210358E-2,-5.643194541E-3,5.063343048E-2,5.222039587E-2
1.590008164E0,-4.396688193E-3,1.574232802E-2,5.063247681E-2,5.320525788E-2
1.600008164E0,8.057394996E-3,-1.791360974E-2,5.781841278E-2,6.106380175E-2
1.610008164E0,-2.305534109E-2,1.082865987E-2,3.148174286E-2,4.049578695E-2
1.620008164E0,-5.647718906E-3,-2.512980998E-2,4.345417023E-2,5.051404744E-2
1.630008430E0,9.197996929E-3,-3.083893098E-3,3.148460388E-2,3.294531569E-2
1.640008430E0,-2.927364036E-2,4.048339091E-3,5.542659760E-2,6.281275978E-2
1.650008430E0,4.755463451E-3,-1.256238297E-2,4.345607758E-2,4.548470706E-2
1.660008430E0,7.563486695E-3,6.962987129E-3,8.415985107E-2,8.478543539E-2
1.670008430E0,2.111382782E-4,2.097312827E-3,2.669715881E-2,2.678024625E-2
1.680008163E0,-4.695154727E-3,-7.525832392E-3,1.472473145E-2,1.719012354E-2
1.690008163E0,-2.413354814E-3,4.341300111E-3,9.134197235E-2,9.147692103E-2
1.700008163E0,-9.636521339E-3,1.803209074E-3,6.500530243E-2,6.574042478E-2
1.710008163E0,9.524112567E-3,-1.979815401E-2,3.866767883E-2,4.447319427E-2
1.720008163E0,-4.888452590E-3,-2.467823029E-2,3.627395630E-2,4.414421734E-2
1.730008163E0,9.665163234E-3,-1.679837331E-2,5.063915253E-2,5.422107058E-2
1.740008163E0,9.664276615E-3,-1.841607876E-2,4.585075378E-2,5.034721265E-2
1.750008163E0,-2.504166216E-3,1.397048589E-3,4.106140137E-2,4.116140517E-2
1.760008663E0,9.396201000E-3,1.163469441E-2,6.500339508E-2,6.670154480E-2
1.770009129E0,-4.360191524E-4,-4.689783789E-3,4.345321655E-2,4.370773631E-2
1.780009129E0,-1.241186634E-2,4.782494623E-3,4.584693909E-2,4.773749579E-2
1.790009129E0,2.096235752E-3,-1.149217412E-2,5.542469025E-2,5.664239189E-2
1.800009129E0,-2.776589245E-3,-1.521734055E-3,4.105949402E-2,4.118139351E-2
1.810009129E0,2.078145742E-3,3.156232182E-3,4.345226288E-2,4.361627724E-2
1.820008629E0,1.166321710E-2,5.461176857E-3,6.021213531E-2,6.157399065E-2
1.830008629E0,-1.232763380E-2,2.451309003E-2,4.584789276E-2,5.343118386E-2
1.840008629E0,-2.744678408E-3,-4.323272500E-3,6.021308899E-2,6.043045615E-2
1.850008629E0,-9.700946510E-3,-1.199416630E-2,2.669429779E-2,3.083105452E-2
1.860008629E0,-7.304057479E-3,1.905464381E-2,4.345417023E-2,4.800722463E-2
1.870008629E0,-1.653426513E-2,1.869676635E-3,4.585075378E-2,4.877672843E-2
1.880009129E0,-1.412113756E-2,2.573191002E-2,5.063915253E-2,5.853085928E-2
1.890009129E0,-1.538198441E-3,-1.170976553E-3,5.303573608E-2,5.307095762E-2
1.900009129E0,8.572369814E-3,1.268169377E-2,5.782604218E-2,5.981774013E-2
1.910009129E0,2.073176391E-2,-4.646452609E-3,3.867244720E-2,4.412429863E-2
1.920009129E0,-1.523808017E-2,-1.192012802E-2,4.825019836E-2,5.198432631E-2
1.930008862E0,-1.293830574E-2,2.868058905E-2,5.543231964E-2,6.373945406E-2
1.940008862E0,2.305169404E-2,1.632910781E-2,4.106807709E-2,4.984583549E-2
1.950008862E0,6.021272391E-3,-1.307851169E-2,5.543231964E-2,5.727167930E-2
1.960008862E0,-6.311453879E-3,3.239293583E-3,6.979751587E-2,7.015711435E-2
1.970008862E0,-3.920242190E-3,-1.361388806E-2,4.824924469E-2,5.028613984E-2
1.980008862E0,-3.950335085E-3,-8.919280022E-3,5.782604218E-2,5.864307169E-2
1.990008862E0,-1.363927498E-2,-1.141174790E-2,3.867149353E-2,4.256456536E-2
2.000008862E0,-3.803685308E-3,-1.569204032E-3,3.388404846E-2,3.413296300E-2
2.010008862E0,-1.103131846E-2,7.835431024E-4,2.191257477E-2,2.454515960E-2
2.020009362E0,6.186176091E-3,-1.095473394E-2,4.346179962E-2,4.524602741E-2
2.030009362E0,-1.051412150E-2,-8.657527156E-3,4.825210571E-2,5.013746337E-2
2.040009362E0,4.155315459E-3,-5.911261775E-3,5.543422699E-2,5.590315898E-2
2.050009362E0,1.613940299E-2,3.561637364E-3,4.585742950E-2,4.874494261E-2
2.060008862E0,4.088219255E-3,-5.648841150E-3,4.825115204E-2,4.875240113E-2
2.070008395E0,-9.907707572E-4,-5.112108774E-4,5.303955078E-2,5.305126681E-2
2.080008395E0,1.261197031E-3,7.079089060E-3,3.867149353E-2,3.933431748E-2
2.090008395E0,-1.557484269E-3,9.784728289E-3,5.543041229E-2,5.630894487E-2
2.100008395E0,-1.358291134E-2,2.560572699E-3,5.303668976E-2,5.480823363E-2
2.110008395E0,-1.791660488E-2,7.092331070E-3,6.021976471E-2,6.322757272E-2
2.120008395E0,-3.600027412E-3,-1.922431588E-2,3.148937225E-2,3.706905830E-2
2.130008661E0,-6.032798439E-3,7.020480465E-3,5.543136597E-2,5.619891579E-2
2.140008661E0,-3.217045218E-3,9.328975342E-3,2.670192719E-2,2.846703490E-2
2.150008661E0,-1.764796674E-2,2.055682708E-3,3.627872467E-2,4.039582188E-2
2.160008661E0,4.369333386E-3,-1.242419519E-2,3.867435455E-2,4.085532279E-2
2.170008661E0,4.441712052E-3,-2.884927206E-3,4.346275330E-2,4.378427269E-2
2.180008161E0,2.109630965E-2,-2.794238273E-3,5.782890320E-2,6.162015980E-2
2.190008161E0,3.873787820E-3,1.207067259E-2,4.106712341E-2,4.297925074E-2
2.200008161E0,1.579485834E-2,-4.670505878E-3,4.346084595E-2,4.647726654E-2
2.210008161E0,-5.809787661E-3,1.922559924E-2,2.909564972E-2,3.535440753E-2
2.220008161E0,-8.515648544E-3,-7.656249218E-3,5.303764343E-2,5.425980136E-2
2.230008161E0,-1.330507174E-2,4.271354992E-3,4.824924469E-2,5.023205173E-2
2.240008161E0,-1.378692687E-3,6.625025067E-3,4.106616974E-2,4.161997174E-2
2.250008161E0,1.994023658E-2,1.814253628E-3,5.303668976E-2,5.669034320E-2
2.260008161E0,7.851079106E-3,-7.465677336E-4,5.782508850E-2,5.836041181E-2
2.270008661E0,-6.998904049E-3,-3.543141298E-3,5.064010620E-2,5.124411053E-2
2.280008661E0,1.449128240E-2,6.054931320E-3,2.909183502E-2,3.306046467E-2
2.290008661E0,9.598774835E-3,-3.503398970E-3,4.106330872E-2,4.231554803E-2
2.300008661E0,7.220130414E-3,-5.986574106E-3,5.303478241E-2,5.385775244E-2
2.310008661E0,-7.811076939E-4,2.047261968E-2,5.542564392E-2,5.909094931E-2
2.320008161E0,-5.561735481E-3,8.460036479E-3,3.866577148E-2,3.996932578E-2
2.330008161E0,-1.035898924E-3,1.033010706E-2,4.345321655E-2,4.467623784E-2
2.340008161E0,8.363118395E-3,-4.579158500E-3,3.866481781E-2,3.982309102E-2
2.350008161E0,-2.557519823E-2,-9.859260172E-3,5.063533783E-2,5.757806191E-2
2.360008161E0,-8.871935308E-3,-9.905759245E-3,3.627014160E-2,3.863105582E-2
2.370008161E0,-1.739624888E-3,1.966342330E-3,3.387546539E-2,3.397705038E-2
2.380008427E0,-1.324701682E-2,1.400303748E-2,5.303192139E-2,5.642652921E-2
2.390008427E0,5.859125406E-3,-7.516501471E-3,3.866577148E-2,3.982297113E-2
2.400008427E0,1.299310848E-2,1.966883428E-3,4.584884644E-2,4.769492864E-2
2.410008427E0,9.130910039E-4,-7.651533000E-3,3.387737274E-2,3.474271256E-2
2.420008427E0,-8.783616126E-3,1.873910427E-3,3.387641907E-2,3.504675764E-2
2.430008160E0,-1.563445851E-2,-2.723639831E-3,5.063724518E-2,5.306585631E-2
2.440008160E0,-3.594487906E-3,1.968285069E-3,5.782032013E-2,5.796536819E-2
2.450008160E0,-6.021931767E-4,-2.670817450E-2,5.542755127E-2,6.152968927E-2
2.460008160E0,-1.000271365E-2,-2.388159744E-3,4.585075378E-2,4.698988412E-2
2.470008160E0,-2.477735281E-3,-1.993515529E-3,4.106330872E-2,4.118626712E-2
2.480008160E0,2.319943160E-3,-1.161242928E-2,5.064010620E-2,5.200625930E-2
2.490008160E0,-2.249438316E-3,3.401684575E-3,4.106330872E-2,4.126532144E-2
2.500008160E0,2.539876848E-3,1.062590908E-2,5.303478241E-2,5.414839853E-2
2.510008160E0,4.838325083E-3,1.291236933E-2,4.585170746E-2,4.788024382E-2
2.520008660E0,1.201499626E-2,3.305960447E-3,4.345703125E-2,4.520844030E-2
2.530008660E0,1.202397794E-2,-6.313128397E-3,5.064010620E-2,5.242949544E-2
2.540008660E0,-1.197453961E-2,-1.358655933E-2,4.824638367E-2,5.153346224E-2
2.550008660E0,6.995938718E-3,-1.324460655E-2,5.063915253E-2,5.280801577E-2
2.560008660E0,-5.136094987E-4,1.628846861E-3,4.824447632E-2,4.827469764E-2
2.570008160E0,1.846268773E-3,-3.194068559E-3,4.584980011E-2,4.599798857E-2
2.580008160E0,-7.918503135E-3,-8.019320667E-3,3.866577148E-2,4.027473253E-2
2.590008160E0,4.005931318E-3,-1.525269169E-2,4.824352264E-2,5.075558656E-2
2.600008160E0,-5.598489195E-3,4.465896171E-3,6.500244141E-2,6.539575444E-2
2.610008160E0,-1.752812788E-2,-1.425683685E-2,4.345321655E-2,4.897626663E-2
2.620008160E0,-4.880018532E-4,2.917241771E-3,3.627204895E-2,3.639244400E-2
2.630008426E0,1.406169683E-2,1.994176954E-2,4.345417023E-2,4.983643647E-2
2.640008426E0,-7.531683892E-3,1.267849095E-2,5.063724518E-2,5.274088541E-2
2.650008426E0,-9.863521904E-3,-1.130607631E-2,5.063724518E-2,5.281332242E-2
2.660008426E0,2.120941877E-3,5.350953434E-3,4.106140137E-2,4.146287230E-2
2.670008426E0,-2.779509872E-3,-1.809104346E-3,6.021404266E-2,6.030530215E-2
2.680008159E0,2.419888973E-3,7.594875991E-3,4.824542999E-2,4.889948383E-2
2.690008159E0,-9.608868510E-3,2.709158696E-3,4.824542999E-2,4.926754926E-2
2.700008159E0,-9.666297585E-3,7.400013041E-3,3.387928009E-2,3.600004335E-2
2.710008159E0,9.381717071E-3,2.577872016E-3,3.866672516E-2,3.987201617E-2
2.720008159E0,-7.441584021E-3,9.717548266E-3,3.627300262E-2,3.828235411E-2
2.730008159E0,-1.679558679E-2,6.947944872E-3,5.782222748E-2,6.061167927E-2
2.740008159E0,1.466989890E-2,1.862606406E-2,4.824638367E-2,5.375732260E-2
2.750008159E0,-4.491563886E-3,6.087096408E-3,5.542945862E-2,5.594329067E-2
2.760008159E0,-9.137049317E-3,-4.027690738E-3,4.345893860E-2,4.459133668E-2
2.770008625E0,-6.495103240E-3,-6.892635487E-3,4.106616974E-2,4.214409908E-2
2.780008625E0,-8.876275271E-3,-2.209748141E-3,2.670001984E-2,2.822343545E-2
2.790008625E0,-1.337490976E-3,-2.390066162E-3,4.825115204E-2,4.832882133E-2
2.800008625E0,-3.782704473E-3,-1.917898282E-2,5.303955078E-2,5.652730475E-2
2.810008625E0,-6.234321743E-3,2.269831486E-3,5.543327332E-2,5.582890553E-2
2.820008125E0,-1.346814632E-2,-7.336714305E-3,5.782699585E-2,5.982624667E-2
2.830008125E0,-2.513138950E-2,-9.470781311E-3,5.303955078E-2,5.945146242E-2
2.840008125E0,6.620828062E-3,7.569606416E-3,4.825401306E-2,4.929081134E-2
2.850008125E0,-4.938963801E-3,5.251239985E-3,4.107093811E-2,4.169881104E-2
2.860008125E0,-1.638853922E-2,-1.843833365E-3,4.825687408E-2,5.099715517E-2
2.870008125E0,3.200247884E-4,1.009723824E-2,5.064964294E-2,5.164729389E-2
2.880008625E0,8.327301592E-3,-9.187527001E-3,6.501960754E-2,6.619141915E-2
2.890008625E0,1.300930418E-2,7.535839453E-3,5.304718018E-2,5.513650511E-2
2.900008625E0,3.484740853E-3,-1.649604738E-2,5.783653259E-2,6.024390011E-2
2.910008625E0,1.781423762E-2,-2.173501998E-3,3.149986267E-2,3.625344841E-2
2.920008625E0,1.050948352E-2,-9.381018579E-3,3.628730774E-2,3.892584561E-2
2.930008358E0,4.252009094E-4,-1.888334751E-3,5.304527283E-2,5.308057623E-2
2.940008358E0,1.434195787E-2,9.194258600E-4,5.543708801E-2,5.726960648E-2
2.950008358E0,4.395101219E-3,-1.276120543E-3,4.106998444E-2,4.132419412E-2
2.960008358E0,3.966882825E-3,-1.315309200E-2,5.064582825E-2,5.247608891E-2
2.970008358E0,-5.667973310E-3,1.235858537E-3,3.149127960E-2,3.202114862E-2
2.980008358E0,-3.261063248E-3,-1.141599379E-3,3.867340088E-2,3.882743512E-2
2.990008358E0,-1.767872646E-2,-6.087808870E-3,4.585647583E-2,4.952186549E-2
3.000008358E0,8.606523275E-3,1.063995529E-2,4.106807709E-2,4.328819524E-2
3.010008358E0,8.609883487E-3,5.825304426E-3,4.825115204E-2,4.935826110E-2
3.020008858E0,1.384496689E-3,-8.529786952E-3,6.022167206E-2,6.083850657E-2
3.030008858E0,-8.195504546E-3,-1.341508795E-2,5.064487457E-2,5.302861680E-2
3.040008858E0,-8.127804846E-3,-2.057546005E-2,4.825115204E-2,5.308092351E-2
3.050008858E0,-1.997559145E-2,-1.286208257E-2,4.585647583E-2,5.164565613E-2
3.060008858E0,6.693474948E-3,6.956944708E-3,5.304050446E-2,5.391193559E-2
3.070008391E0,-2.711236477E-3,-1.173144020E-2,3.867435455E-2,4.050534770E-2
3.080008391E0,2.209667116E-3,5.350500345E-3,4.106903076E-2,4.147500175E-2
3.090008391E0,-1.675387099E-2,-1.098341774E-2,4.585838318E-2,5.004317103E-2
3.100008891E0,9.841021150E-3,-1.084769610E-3,4.585933685E-2,4.691589495E-2
3.110008891E0,9.804245085E-3,-8.313200437E-3,2.909946442E-2,3.181212587E-2
3.120008891E0,-7.078181952E-3,-1.157340594E-3,4.106998444E-2,4.169153054E-2
3.130009157E0,-9.460341185E-3,-6.055868231E-3,4.585933685E-2,4.721493802E-2
3.140009157E0,7.241278887E-3,1.778310537E-2,3.867530823E-2,4.317932866E-2
3.150009157E0,-1.681774482E-2,-3.722109832E-3,3.149223328E-2,3.589500521E-2
3.160009157E0,2.284150571E-3,-1.585247181E-2,4.106903076E-2,4.408155503E-2
3.170009157E0,-2.492286265E-3,-1.117403060E-2,4.825305939E-2,4.959262234E-2
3.180008657E0,-2.326227725E-3,-1.077894680E-2,4.825305939E-2,4.949701779E-2
3.190008657E0,1.198731922E-2,-2.038948238E-2,4.585838318E-2,5.159862519E-2
3.200008657E0,2.386573702E-3,2.091029659E-2,4.346275330E-2,4.829023878E-2
3.210008657E0,-9.636957198E-3,1.722255256E-3,5.064582825E-2,5.158330181E-2
3.220008657E0,4.676375538E-3,-8.313520811E-4,5.064582825E-2,5.086806025E-2
3.230008657E0,9.412944317E-3,-7.922563702E-3,5.543422699E-2,5.678313181E-2
3.240008657E0,9.354710579E-3,1.604146510E-2,3.867340088E-2,4.290071268E-2
3.250008657E0,-1.036343724E-2,1.105139218E-2,5.303859711E-2,5.516001164E-2
3.260008657E0,1.365285739E-2,1.440779306E-3,4.825019836E-2,5.016530676E-2
3.270009157E0,4.023637623E-3,2.056157030E-2,6.022071838E-2,6.376129512E-2
3.280009157E0,-3.211259842E-3,1.374031883E-3,2.909564972E-2,2.930455572E-2
3.290009157E0,-8.202802390E-3,7.990590297E-3,5.543136597E-2,5.660187129E-2
3.300009157E0,1.329980418E-2,5.633317400E-3,4.824924469E-2,5.036475622E-2
3.310009157E0,-1.179307699E-3,-1.123648323E-2,4.106616974E-2,4.259201356E-2
3.320008657E0,-1.075338200E-2,-2.562962286E-2,5.303764343E-2,5.987908160E-2
3.330008657E0,1.230131835E-3,2.991653048E-3,6.740283966E-2,6.748041202E-2
3.340008657E0,-8.454199880E-3,2.689484134E-2,4.824924469E-2,5.588197920E-2
3.350008657E0,2.022502758E-2,1.728439145E-2,5.303764343E-2,5.933627515E-2
3.360008657E0,-6.164088845E-3,2.885299735E-3,4.345893860E-2,4.398863819E-2
3.370008657E0,1.048882864E-2,2.971539274E-3,4.106521606E-2,4.248761634E-2
3.380008923E0,-1.562736928E-3,1.692405716E-2,4.106521606E-2,4.444342277E-2
3.390008923E0,3.047306091E-3,6.686233450E-3,5.064201355E-2,5.117231017E-2
3.400008423E0,-8.982319385E-3,-1.736013778E-2,5.542945862E-2,5.877483584E-2
3.410008423E0,-9.098734707E-3,-7.865139283E-3,3.866958618E-2,4.049671943E-2
3.420008423E0,-1.340028271E-2,1.598470844E-3,3.148937225E-2,3.425935275E-2
3.430008156E0,-1.367613673E-3,1.352119446E-2,5.543136597E-2,5.707301814E-2
3.440008156E0,-3.458976746E-3,-5.975866690E-3,5.782794952E-2,5.823870920E-2
3.450008156E0,1.325498521E-2,5.907188170E-3,6.979942322E-2,7.129199805E-2
3.460008156E0,1.074735634E-2,-1.814510673E-2,3.867340088E-2,4.404977301E-2
3.470008156E0,-1.226898283E-3,-1.357070170E-3,4.346179962E-2,4.350028673E-2
3.480008156E0,-1.334000379E-3,9.981114417E-4,4.345989227E-2,4.349181555E-2
3.490008156E0,-6.048966199E-3,1.293613669E-2,5.303955078E-2,5.492838584E-2
3.500008156E0,1.299186796E-2,-6.327741779E-3,5.064392090E-2,5.266531755E-2
3.510008156E0,-8.547253907E-3,8.081222884E-3,5.543136597E-2,5.666566902E-2
3.520008656E0,1.300742477E-2,5.632339977E-3,4.825019836E-2,5.028914391E-2
3.530008656E0,1.049069874E-2,1.278819237E-2,5.064296722E-2,5.327572387E-2
3.540008656E0,-6.591167301E-3,-1.947126351E-3,4.585456848E-2,4.636675790E-2
3.550008656E0,-8.988447487E-3,1.471543591E-2,4.824829102E-2,5.123703571E-2
3.560008656E0,5.331326276E-3,2.655942924E-3,3.627777100E-2,3.676348380E-2
3.570008156E0,-1.833159477E-3,-4.691781476E-3,3.867149353E-2,3.899817558E-2
3.580008156E0,-2.111612633E-2,-9.703220800E-3,6.021881104E-2,6.454725778E-2
3.590008156E0,-6.670773029E-3,-5.003063008E-3,7.219123840E-2,7.267120994E-2
3.600008156E0,8.044250309E-3,2.176959999E-3,6.979942322E-2,7.029515346E-2
3.610008156E0,-1.520458609E-3,4.586975090E-3,5.543327332E-2,5.564350749E-2
3.620008156E0,1.506206393E-2,2.285352908E-3,5.064392090E-2,5.288568173E-2
3.630008422E0,2.201226726E-2,-9.599737823E-3,3.627777100E-2,4.350599435E-2
3.640008422E0,2.395763993E-3,-7.060702890E-3,2.190971375E-2,2.314365500E-2
3.650008422E0,4.242032766E-3,-1.647460088E-2,5.303382874E-2,5.569555015E-2
3.660008422E0,-7.961869240E-3,-1.613771170E-2,4.584980011E-2,4.925465735E-2
3.670008422E0,-1.766163856E-2,-1.925041899E-3,5.303192139E-2,5.592873992E-2
3.680008155E0,-8.072365075E-3,-1.400661189E-2,6.500339508E-2,6.698350264E-2
3.690008155E0,-1.738227159E-2,-3.688759170E-3,6.500434875E-2,6.738928451E-2
3.700008155E0,-2.510789782E-3,-8.205547929E-4,7.697677612E-2,7.702208409E-2
3.710008155E0,-1.461095363E-2,-1.528432779E-2,3.387928009E-2,3.993615231E-2
3.720008155E0,-6.968017668E-3,4.506271333E-3,4.106330872E-2,4.189337745E-2
3.730008155E0,-4.236597568E-3,1.192129776E-2,5.064010620E-2,5.219661345E-2
3.740008155E0,1.070507430E-2,9.743629023E-3,3.627777100E-2,3.905910381E-2
3.750008155E0,3.470096737E-3,9.709773585E-3,6.261444092E-2,6.345777719E-2
3.760008155E0,1.072030328E-2,1.212515868E-2,5.782604218E-2,6.004827665E-2
3.770008655E0,-1.093547046E-2,-7.068959996E-3,6.021976471E-2,6.161148246E-2
3.780008655E0,9.837783873E-4,-1.189126913E-2,6.021881104E-2,6.138953741E-2
3.790008655E0,-6.300304085E-3,2.379303332E-3,5.064201355E-2,5.108785034E-2
3.800008655E0,3.267504275E-3,7.124758326E-3,6.261348724E-2,6.310219925E-2
3.810008655E0,-2.317683026E-2,-1.685803011E-2,5.303668976E-2,6.028473356E-2
3.820008155E0,-4.068583250E-3,7.121308241E-3,7.219028473E-2,7.265468746E-2
3.830008155E0,-1.184072345E-3,-2.346125897E-3,6.021976471E-2,6.027708019E-2
3.840008155E0,-6.024807692E-3,1.427857205E-5,4.345989227E-2,4.387551422E-2
3.850008155E0,-8.128147572E-3,-9.545102715E-3,5.064392090E-2,5.217262206E-2
3.860008155E0,-5.286552012E-3,1.506665722E-4,5.064487457E-2,5.092026761E-2
3.870008155E0,1.909427717E-2,2.620895859E-3,4.585838318E-2,4.974386217E-2
3.880008421E0,2.227038145E-3,7.369476371E-3,5.304145813E-2,5.359724957E-2
3.890008421E0,-1.224594191E-2,4.935182631E-3,5.064582825E-2,5.233850437E-2
3.900008421E0,4.523213953E-3,-1.657054760E-2,6.740570068E-2,6.955983753E-2
3.910008421E0,-4.970759153E-3,-1.139637921E-2,3.388595581E-2,3.609492910E-2
3.920008421E0,-1.419186592E-4,-6.212871987E-3,3.867435455E-2,3.917046871E-2
3.930008154E0,-7.425978780E-3,1.284626778E-2,3.867435455E-2,4.142315122E-2
3.940008154E0,1.645835489E-2,7.953269407E-3,3.628063202E-2,4.062531476E-2
3.950008154E0,4.434857517E-3,7.366836071E-4,6.740570068E-2,6.755545240E-2
3.960008154E0,-5.074877292E-3,-4.030865151E-3,4.346275330E-2,4.394329502E-2
3.970799563E0,2.000641078E-3,-1.364787854E-2,4.106903076E-2,4.332357835E-2
3.980799563E0,-1.236807182E-2,7.451148704E-4,5.064582825E-2,5.213946984E-2
3.990799563E0,-4.921406507E-3,-1.322917081E-2,3.628063202E-2,3.892962191E-2
4.000799563E0,7.003866136E-3,2.499022521E-2,4.106903076E-2,4.858220646E-2
4.010799563E0,6.994575262E-3,-8.572852239E-3,4.106903076E-2,4.253331831E-2
4.020800063E0,2.224281430E-3,3.358352464E-3,3.867435455E-2,3.888356541E-2
4.030800063E0,2.221215516E-3,-1.337422896E-2,4.346275330E-2,4.552817504E-2
4.040800063E0,1.382888481E-2,2.318326198E-2,5.543327332E-2,6.165670670E-2
4.050800063E0,-5.371414125E-3,3.940069582E-3,4.825019836E-2,4.870788314E-2
4.060800063E0,-8.213628083E-3,-3.738620318E-3,4.345989227E-2,4.438697111E-2
4.070799563E0,6.023220718E-3,1.052892581E-2,3.867149353E-2,4.052927187E-2
4.080799563E0,-6.049402058E-3,3.251058515E-3,4.585361481E-2,4.636505837E-2
4.090799563E0,-3.652181476E-3,8.011592552E-3,6.021881104E-2,6.085909338E-2
4.100799563E0,-2.751907706E-2,2.653626725E-4,5.303764343E-2,5.975250322E-2
4.110799563E0,-2.936575562E-3,-2.490945626E-3,6.501197815E-2,6.512592102E-2
4.120799563E0,-7.278181612E-3,-1.471980847E-2,6.740760803E-2,6.937888951E-2
4.130799829E0,2.366259694E-3,-1.003520004E-2,5.304241180E-2,5.403519108E-2
4.140799829E0,7.519677281E-3,-2.224091440E-4,2.910041809E-2,3.005710141E-2
4.150799829E0,-1.643225551E-2,1.888919808E-2,3.388977051E-2,4.213475252E-2
4.160799829E0,-2.042014152E-3,1.173728891E-2,5.064964294E-2,5.203191427E-2
4.170799829E0,-8.802603930E-3,-6.478661671E-4,4.107379913E-2,4.201145727E-2
4.180799562E0,-8.790232241E-3,-1.260347012E-2,1.473617554E-2,2.129015057E-2
4.190799562E0,8.386373520E-3,6.568915676E-3,6.262397766E-2,6.352357430E-2
4.200799562E0,8.404754102E-3,-1.023053098E-2,2.670955658E-2,2.981114001E-2
4.210799562E0,-1.009408385E-3,9.346459061E-3,4.586410522E-2,4.681763931E-2
4.220799562E0,1.090368256E-2,1.163690165E-2,4.586410522E-2,4.855742911E-2
4.230799562E0,5.943559110E-3,1.633712091E-2,5.304718018E-2,5.582320968E-2
4.240799562E0,5.869567394E-3,6.291938014E-3,5.065250397E-2,5.137817108E-2
4.250799562E0,8.199527860E-3,3.849021159E-3,3.868103027E-2,3.972743792E-2
4.260799562E0,1.059687883E-2,1.427493989E-3,5.304622650E-2,5.411315668E-2
4.270800062E0,1.024435088E-2,1.082362607E-3,5.304527283E-2,5.403627673E-2
4.280800062E0,1.485529542E-2,-8.527802303E-3,3.867912292E-2,4.230221938E-2
4.290800062E0,2.776809037E-3,-1.384106465E-3,6.022644043E-2,6.030630602E-2
4.300800062E0,1.948453113E-2,-3.937365487E-3,6.022644043E-2,6.342218797E-2
4.310800062E0,-9.739886969E-3,-1.624633558E-3,6.022453308E-2,6.102867537E-2
4.320799562E0,-4.908349365E-3,2.230933681E-2,1.952362061E-2,3.004946196E-2
4.330799562E0,-5.175109953E-3,1.715717092E-2,2.191638947E-2,2.831039393E-2
4.340799562E0,1.989509910E-3,-2.111096866E-2,5.304241180E-2,5.712380062E-2
4.350799562E0,-1.719216257E-2,1.001189649E-2,3.388786316E-2,3.929625675E-2
4.360799562E0,1.934461296E-3,-1.405896805E-2,6.261920929E-2,6.420718103E-2
4.370799562E0,1.435925066E-2,-9.331579320E-3,6.022644043E-2,6.261382099E-2
4.380799828E0,-4.758063704E-3,1.226316392E-2,4.825592041E-2,5.001657939E-2
4.390799828E0,-2.375923097E-3,-2.127156034E-2,5.064964294E-2,5.498645852E-2
4.400799828E0,-2.409480512E-3,3.294674680E-4,3.388977051E-2,3.397691408E-2
4.410799828E0,-7.286746055E-3,7.433398627E-3,2.670574188E-2,2.866267142E-2
4.420799828E0,-4.919886589E-3,2.480931580E-4,3.867721558E-2,3.898966323E-2
4.430799561E0,2.750184387E-3,3.858134151E-4,9.947776794E-3,1.032814743E-2
4.440799561E0,9.975966066E-3,-1.638289355E-2,5.783367157E-2,6.093154082E-2
4.450799561E0,2.765666693E-3,-6.808497012E-3,2.431392670E-2,2.540022786E-2
4.460799561E0,1.513659954E-4,-3.936023451E-3,5.064964294E-2,5.080257398E-2
4.470799561E0,2.594549209E-3,-1.836614311E-2,3.388977051E-2,3.863370864E-2
4.480799561E0,2.503089607E-3,-1.791586354E-2,6.262016296E-2,6.518073668E-2
4.490799561E0,1.679890230E-2,-5.218158476E-4,6.501388550E-2,6.715117808E-2
4.500799561E0,9.383667260E-3,-4.847815726E-3,7.219505310E-2,7.296355406E-2
4.510799561E0,1.841911301E-2,-4.238267895E-3,5.782794952E-2,6.083829703E-2
4.520800061E0,-1.086638868E-2,-1.826089248E-2,4.824829102E-2,5.272035834E-2
4.530800061E0,5.465321243E-3,-1.275274716E-2,5.782318115E-2,5.946446481E-2
4.540800061E0,2.786740661E-3,4.686553031E-3,3.387928009E-2,3.431523455E-2
4.550800061E0,-2.111325413E-2,-1.447790116E-2,4.106235504E-2,4.838900829E-2
4.560800061E0,-4.252020270E-3,5.021303426E-3,3.387928009E-2,3.451229902E-2
4.570799561E0,-8.899241686E-3,-1.672635786E-3,3.627395630E-2,3.738708492E-2
4.580799561E0,1.268593594E-2,-1.120483130E-2,3.627395630E-2,4.002850385E-2
4.590799561E0,3.151569515E-3,5.544832908E-3,3.866863251E-2,3.919107937E-2
4.600799561E0,6.781034172E-4,-5.961829796E-3,7.458209991E-2,7.482307710E-2
4.610799561E0,6.593577564E-4,5.797292106E-3,4.106235504E-2,4.147481585E-2
4.620799561E0,6.316937506E-4,-1.336080953E-2,3.627395630E-2,3.866148179E-2
4.630799827E0,-1.859911904E-2,1.303660590E-2,5.063915253E-2,5.549958640E-2
4.640799827E0,-4.273410887E-3,3.440307686E-3,4.106235504E-2,4.142722244E-2
4.650799827E0,-4.224382341E-3,1.068347227E-2,5.542755127E-2,5.660561302E-2
4.660799827E0,9.038373828E-4,-8.643474430E-3,3.866863251E-2,3.963318953E-2
4.670799827E0,3.328647465E-3,8.091286756E-3,6.021690369E-2,6.084919313E-2
4.680799560E0,3.301020712E-3,1.527059730E-2,4.824638367E-2,5.071293145E-2
4.690799560E0,-6.282348186E-3,1.041108742E-2,5.782318115E-2,5.908789147E-2
4.700799560E0,-1.091545820E-2,3.068190999E-4,5.782413483E-2,5.884617179E-2
4.710799560E0,1.066981442E-2,7.535444107E-3,6.261253357E-2,6.396059113E-2
4.720799560E0,1.070894860E-2,-1.314831898E-4,2.430534363E-2,2.656028232E-2
4.730799560E0,8.225701749E-3,1.176028606E-2,6.500720978E-2,6.657254555E-2
4.740799560E0,3.068726510E-3,-1.276695170E-2,2.430343628E-2,2.762370636E-2
4.750799560E0,-8.798584342E-3,3.934545908E-3,4.824638367E-2,4.919968775E-2
4.760799560E0,5.539495498E-3,1.111434773E-2,4.345703125E-2,4.519655187E-2
4.770800026E0,-1.352279261E-2,1.834892109E-2,2.430438995E-2,3.332044712E-2
4.780800026E0,-8.661650121E-3,-3.861262463E-3,1.712226868E-2,1.957308395E-2
4.790800026E0,8.387304842E-4,-8.714249358E-3,3.866958618E-2,3.964818415E-2
4.800800026E0,-8.765928447E-3,5.648299120E-3,4.585266113E-2,4.702351877E-2
4.810800026E0,5.630254745E-3,8.350126445E-4,4.106521606E-2,4.145779764E-2
4.820799526E0,-1.629084349E-3,3.290563822E-3,6.021785736E-2,6.032969477E-2
4.830799526E0,1.025334559E-2,-1.354894787E-2,3.866958618E-2,4.223792111E-2
4.840799526E0,-1.855454221E-2,-6.429899484E-3,5.542850494E-2,5.880419887E-2
4.850799526E0,1.021347009E-2,-6.509279367E-3,6.500625610E-2,6.612487445E-2
4.860799526E0,7.197782397E-4,5.973416846E-3,4.824638367E-2,4.862009180E-2
4.870799526E0,-3.030776978E-2,1.075868402E-2,3.627586365E-2,4.847936132E-2
4.880799792E0,-1.003902406E-3,1.048947684E-3,4.824924469E-2,4.827108580E-2
4.890799792E0,1.133194007E-2,1.033135690E-3,4.106807709E-2,4.261533985E-2
4.900799792E0,1.882680506E-2,2.228119969E-2,2.670288086E-2,3.954673557E-2
4.910799792E0,-1.506133378E-2,-2.245515119E-3,3.388500214E-2,3.714942103E-2
4.920800258E0,-1.012948155E-2,1.397262327E-2,3.867435455E-2,4.235028096E-2
4.930799991E0,-3.373298794E-2,-8.249423467E-3,3.149414062E-2,4.688121539E-2
4.940799991E0,-1.148935035E-2,5.886312574E-3,2.191925049E-2,2.543830555E-2
4.950799991E0,-3.592979163E-3,1.279947534E-2,4.346942902E-2,4.545687327E-2
4.960799991E0,1.847306639E-2,-4.223412834E-3,6.980991364E-2,7.233612818E-2
4.970799991E0,-7.897336036E-3,1.258963905E-2,3.389549255E-2,3.701042209E-2
4.980799991E0,-7.418505847E-4,-1.614372060E-2,4.107856750E-2,4.414316216E-2
4.990799991E0,4.022516310E-3,-1.125927363E-2,3.629016876E-2,3.820900717E-2
5.000799991E0,4.059534520E-3,-1.121254824E-2,3.629016876E-2,3.819918072E-2
5.010799991E0,-3.144610673E-3,7.014237344E-4,4.826164246E-2,4.836906764E-2
5.020800491E0,4.020031542E-3,-1.841217279E-2,4.586696625E-2,4.958777423E-2
5.030800491E0,6.525162607E-3,-1.323421020E-2,3.868389130E-2,4.140248196E-2
5.040800491E0,4.057966173E-3,3.936696798E-3,5.544281006E-2,5.573033158E-2
5.050800491E0,6.443697959E-3,-7.449721452E-3,5.065345764E-2,5.160225154E-2
5.060800491E0,2.056481317E-2,-9.396590292E-3,5.065250397E-2,5.546966385E-2
5.070800024E0,-6.059829146E-3,-1.385433599E-2,3.389072418E-2,3.711125625E-2
5.080800024E0,8.003242314E-3,1.105716918E-3,6.501579285E-2,6.551585928E-2
5.090800024E0,-6.396215409E-3,-1.572778448E-2,5.543804169E-2,5.797974855E-2
5.100800024E0,1.493856311E-2,-3.082832322E-3,6.262016296E-2,6.445113911E-2
5.110800024E0,-1.163702086E-2,4.491735715E-3,5.064773560E-2,5.216118351E-2
5.120800024E0,2.943947911E-4,-5.104360171E-3,4.585838318E-2,4.614252343E-2
5.130800290E0,-2.127531916E-3,9.257616475E-3,3.388690948E-2,3.519307445E-2
5.140800290E0,9.831510484E-3,6.847493816E-3,4.585838318E-2,4.739765899E-2
5.150800290E0,2.328492701E-4,-2.787975129E-3,3.628158569E-2,3.638929079E-2
5.160800290E0,2.633854747E-4,-2.813064028E-3,3.628158569E-2,3.639142978E-2
5.170800290E0,7.424607873E-3,4.310944118E-3,5.304241180E-2,5.373273203E-2
5.180800023E0,-2.066835761E-3,-1.007384062E-2,6.022453308E-2,6.109622296E-2
5.190800023E0,-6.932072341E-3,9.016033262E-3,6.740760803E-2,6.836028162E-2
5.200800023E0,7.344622165E-3,8.936330676E-3,4.825305939E-2,4.962014934E-2
5.210800023E0,1.557059586E-4,4.202693235E-3,5.064678192E-2,5.082109202E-2
5.220799556E0,7.298827171E-3,-5.267245695E-3,3.388690948E-2,3.506193648E-2
5.230799556E0,2.404043078E-2,-2.833207138E-3,5.782985687E-2,6.269179947E-2
5.240799556E0,-5.199287087E-3,-5.171769764E-3,2.430820465E-2,2.539032497E-2
5.250799556E0,-1.706659421E-2,2.350111119E-2,2.909660339E-2,4.111183764E-2
5.260799556E0,6.842341274E-3,2.342754416E-2,5.303955078E-2,5.838545544E-2
5.270800056E0,-7.652811706E-3,1.085578278E-2,5.782794952E-2,5.933367756E-2
5.280800056E0,-2.437088639E-2,1.248708367E-2,5.064487457E-2,5.757404521E-2
5.290800056E0,7.121406496E-3,1.181622036E-2,3.149318695E-2,3.438252926E-2
5.300800056E0,5.746260285E-5,4.061146639E-3,2.431106567E-2,2.464800455E-2
5.310800056E0,-2.140592784E-2,8.203970268E-3,4.107284546E-2,4.703719282E-2
5.320799556E0,5.319684744E-3,1.011159457E-2,4.346752167E-2,4.494406335E-2
5.330799556E0,-1.115276664E-2,-2.441087738E-3,5.783557892E-2,5.895165224E-2
5.340799556E0,-1.118010655E-2,-2.443141304E-3,3.868103027E-2,4.033839145E-2
5.350799556E0,3.654096276E-3,-1.473863050E-2,4.586601257E-2,4.831429145E-2
5.360799556E0,-1.228999346E-3,2.123538405E-3,2.910518646E-2,2.920841888E-2
5.370799556E0,-1.241017133E-3,-2.850862220E-4,3.628826141E-2,3.631059507E-2
5.380799822E0,-8.457370102E-3,2.036658116E-3,3.628921509E-2,3.731731792E-2
5.390799822E0,8.351705968E-3,-7.604056038E-3,5.783748627E-2,5.893002188E-2
5.400799822E0,1.550098881E-2,1.866030321E-2,5.065345764E-2,5.616280211E-2
5.410799822E0,-1.797578484E-2,9.074768983E-3,3.868293762E-2,4.361020449E-2
5.420799822E0,-8.432265371E-3,4.213453270E-3,4.347038269E-2,4.448067512E-2
5.430799555E0,1.126728952E-3,2.340830304E-2,4.586505890E-2,5.150555113E-2
5.440799555E0,-5.946159363E-3,-3.543471918E-3,4.347229004E-2,4.401991601E-2
5.450799555E0,-3.573119640E-3,-1.206595451E-3,3.868389130E-2,3.886729348E-2
5.460799555E0,4.016872495E-3,-4.127022810E-3,2.432060242E-2,2.499318475E-2
5.470799555E0,-7.923569530E-3,-1.756303944E-3,4.826450348E-2,4.894210716E-2
5.480799555E0,-3.097902983E-3,3.079261631E-3,5.305290222E-2,5.323240826E-2
5.490799555E0,-7.457472384E-3,-4.320334643E-3,5.066013336E-2,5.138801707E-2
5.500799555E0,4.486553371E-3,-1.629393175E-2,5.065917969E-2,5.340387495E-2
5.510799555E0,9.263060987E-3,-3.079944663E-2,4.108333588E-2,5.217519236E-2
5.520799621E0,2.353757434E-2,-3.760267049E-3,2.432155609E-2,3.405429642E-2
5.530799621E0,1.613150910E-2,-9.857565165E-4,3.629207611E-2,3.972797616E-2
5.540799621E0,2.297466435E-2,-6.880331784E-4,6.502151489E-2,6.896452704E-2
5.550799621E0,1.283111237E-2,4.303342663E-3,6.980800629E-2,7.110776290E-2
5.560799621E0,9.711459279E-5,-7.459364831E-3,7.459259033E-2,7.496469894E-2
5.570799121E0,-1.012611389E-2,-7.168060169E-3,3.149414062E-2,3.384967006E-2
5.580799121E0,1.140084676E-2,-4.354771227E-5,4.107093811E-2,4.262397401E-2
5.590799121E0,-1.980740950E-2,2.341729589E-3,4.106998444E-2,4.565699059E-2
5.600799121E0,6.495952606E-3,-2.154900134E-2,6.022357941E-2,6.429180644E-2
5.610799121E0,-6.502158940E-4,4.708255641E-3,4.346370697E-2,4.372281184E-2
5.620799121E0,1.136399619E-2,-1.206106693E-2,6.501293182E-2,6.709166155E-2
5.630799387E0,-3.035467118E-3,-1.452905592E-2,5.064773560E-2,5.277784239E-2
5.640799387E0,1.542132348E-3,-6.825423799E-3,6.740570068E-2,6.776793539E-2
5.650799387E0,2.280319482E-2,-6.117724814E-3,4.106807709E-2,4.737086875E-2
5.660799387E0,1.982423849E-2,-1.268183533E-2,4.345893860E-2,4.942174343E-2
5.670799387E0,-1.202694699E-2,-9.656720795E-3,3.148555756E-2,3.506051975E-2
5.680799120E0,-1.285225153E-5,2.304740250E-3,4.585075378E-2,4.590864423E-2
5.690799120E0,-7.464975119E-3,2.666367218E-2,5.542659760E-2,6.195792918E-2
5.700799120E0,4.423510283E-3,7.499505300E-3,5.063724518E-2,5.138035249E-2
5.710799120E0,4.073835909E-3,4.731166176E-3,4.824256897E-2,4.864489216E-2
5.720799120E0,-1.030679792E-3,6.699589547E-3,5.063533783E-2,5.108702612E-2
5.730799120E0,8.343821391E-3,-5.712769926E-3,3.148174286E-2,3.306592247E-2
5.740799120E0,5.980100483E-3,-2.010315843E-2,3.387546539E-2,3.984276266E-2
5.750799120E0,-1.352608576E-2,-2.935974859E-3,4.824066162E-2,5.018701404E-2
5.760799120E0,3.144830465E-3,-5.410286598E-3,3.626918793E-2,3.680509683E-2
5.770799620E0,-1.365131140E-2,2.479605842E-3,5.063343048E-2,5.250000981E-2
5.780799620E0,1.272242889E-2,-7.052062545E-3,5.542182922E-2,5.729896105E-2
5.790799620E0,3.188051283E-3,2.515146509E-3,4.823970795E-2,4.841031972E-2
5.800799620E0,3.148104995E-3,-7.080743089E-3,4.823970795E-2,4.885813044E-2
5.810799620E0,-1.139182597E-2,5.426886491E-4,4.344940186E-2,4.492125033E-2
5.820799553E0,5.518518388E-3,-8.627701551E-3,5.063247681E-2,5.165790343E-2
5.830799553E0,1.507398114E-2,1.525621489E-2,5.063247681E-2,5.498749592E-2
5.840799553E0,4.994291812E-3,3.159238491E-3,4.105472565E-2,4.147787647E-2
5.850799553E0,1.780502498E-4,-1.120997127E-2,5.781459808E-2,5.889162003E-2
5.860799553E0,9.742911905E-3,-1.523147337E-3,5.541992188E-2,5.629042593E-2
5.870799553E0,-4.601363093E-3,1.050575729E-2,2.668857574E-2,2.904864117E-2
5.880799819E0,-1.432260312E-2,-1.551688649E-3,5.063056946E-2,5.264028174E-2
5.890799819E0,-4.696667194E-3,-1.616513357E-3,5.541896820E-2,5.564111640E-2
5.900799819E0,-2.385200933E-3,1.034539752E-2,3.865909576E-2,4.009042428E-2
5.910799819E0,-1.439026184E-2,2.476277389E-2,3.387069702E-2,4.435649584E-2
5.920799819E0,-6.914023310E-3,-1.405759528E-2,4.823780060E-2,5.071789733E-2
5.930799552E0,7.430160418E-3,-6.807800848E-3,6.499767303E-2,6.577424219E-2
5.940799552E0,1.225537062E-2,-1.407031156E-2,5.302619934E-2,5.621339336E-2
5.950799552E0,-4.471078515E-3,2.511840314E-3,2.429485321E-2,2.483021904E-2
5.960799552E0,4.557631910E-4,5.093822256E-4,4.584312439E-2,4.584821964E-2
5.970799552E0,-9.148936719E-3,1.008329540E-2,4.823780060E-2,5.012246299E-2
5.980799552E0,-9.243961424E-3,2.875880804E-3,6.978607178E-2,7.045436344E-2
5.990799552E0,5.115594715E-3,-1.622326113E-2,5.063152313E-2,5.341268244E-2
6.000799552E0,-6.825204939E-3,5.300511140E-3,5.302619934E-2,5.372575413E-2
6.010799552E0,3.360509872E-4,-6.729205605E-3,4.105472565E-2,4.160391371E-2
6.020800052E0,-4.486117512E-3,1.247700490E-2,4.344844818E-2,4.542651815E-2
6.030800052E0,4.003942013E-4,-4.286278505E-3,6.020832062E-2,6.036202755E-2
6.040800052E0,-9.195234627E-3,7.599079516E-3,4.584312439E-2,4.736972032E-2
6.050800052E0,4.094094038E-4,5.207746755E-3,6.260395050E-2,6.282151590E-2
6.060800052E0,-1.403898746E-2,1.716995053E-2,6.499767303E-2,6.867749173E-2
6.070799552E0,-1.166287810E-2,-1.139598992E-2,3.866004944E-2,4.195820223E-2
6.080799552E0,-1.356427372E-2,4.061092623E-4,1.711368561E-2,2.184107784E-2
6.090799552E0,6.199337542E-3,-2.074802760E-3,3.387546539E-2,3.450048910E-2
6.100799552E0,-8.194014430E-3,7.373697124E-3,3.866386414E-2,4.020457277E-2
6.110799552E0,9.080173448E-3,-2.440012526E-3,4.584884644E-2,4.680299061E-2
6.120799552E0,-3.989450634E-4,-9.626192972E-3,5.063724518E-2,5.154564334E-2
6.130799818E0,2.118630335E-2,-2.397682518E-3,6.021404266E-2,6.387753333E-2
6.140799818E0,1.109788194E-2,-1.176600717E-2,4.824256897E-2,5.088169975E-2
6.150799818E0,-1.053327695E-2,4.984850995E-3,6.500148773E-2,6.603780788E-2
6.160799818E0,-1.101347432E-2,-6.425440311E-3,4.824066162E-2,4.989733794E-2
6.170799818E0,5.550391972E-3,7.636048831E-4,5.542087555E-2,5.570335170E-2
6.180799551E0,-4.115507007E-3,-1.116179116E-2,4.584407806E-2,4.736245848E-2
6.190799551E0,3.141380847E-3,1.277654432E-3,5.063247681E-2,5.074591986E-2
6.200799551E0,-1.674771309E-3,-1.069683302E-2,4.823875427E-2,4.943889673E-2
6.210799551E0,5.505438894E-3,-1.029307209E-2,5.302715302E-2,5.429674159E-2
6.220799551E0,6.685368717E-4,2.244381700E-3,3.387165070E-2,3.395250965E-2
6.230799551E0,2.980045974E-3,7.023493294E-3,6.020832062E-2,6.068980148E-2
6.240799551E0,-1.716613770E-3,-1.077651978E-4,4.584407806E-2,4.587633235E-2
6.250799551E0,7.909344509E-3,4.615911283E-3,5.781555176E-2,5.853633395E-2
6.260766217E0,6.928183138E-4,-9.698185138E-3,4.823875427E-2,4.920886308E-2
6.270732883E0,-6.389074028E-3,-2.546792850E-3,3.626728058E-2,3.691371102E-2
6.280699549E0,-2.562602237E-2,2.232483122E-3,3.626728058E-2,4.446338543E-2
6.290666215E0,5.876421928E-3,-4.825761542E-3,4.823875427E-2,4.883439078E-2
6.300632881E0,1.058225334E-2,-7.229103241E-3,3.387260437E-2,3.621598192E-2
6.310599547E0,9.715408087E-4,-9.571328759E-3,4.823875427E-2,4.918873488E-2
6.320565713E0,-6.232835352E-3,7.130339742E-3,2.429580688E-2,2.607635353E-2
6.330532379E0,-8.645627648E-3,2.256080043E-3,3.626728058E-2,3.735173912E-2
6.340499045E0,8.141810074E-3,-2.529929392E-3,6.020927429E-2,6.080991962E-2
6.350465711E0,-3.847934306E-3,-2.490259707E-3,5.302715302E-2,5.322487152E-2
6.360432377E0,-1.071467251E-2,-9.248278104E-3,6.021118164E-2,6.185241506E-2
6.370399043E0,-5.521267653E-3,1.986185461E-2,2.908611298E-2,3.565080130E-2
6.380366176E0,-1.752028242E-2,-4.084305838E-3,2.429771423E-2,3.023277637E-2
6.390332842E0,-5.561251193E-3,-8.888735436E-3,3.866291046E-2,4.005942808E-2
6.400299508E0,-7.462285459E-3,5.558350123E-3,5.063629150E-2,5.148412355E-2
6.410266174E0,-1.173321530E-2,-4.031782970E-3,5.063819885E-2,5.213588782E-2
6.420232840E0,-1.361593232E-2,-1.595939975E-3,6.979370117E-2,7.112736014E-2
6.430199240E0,-1.061188430E-2,3.356654895E-3,4.585361481E-2,4.718509522E-2
6.440165906E0,-2.629455179E-3,-1.331571303E-2,3.388500214E-2,3.650226867E-2
6.450132572E0,-6.660908461E-3,6.186400540E-3,4.825305939E-2,4.910190417E-2
6.460099238E0,-1.841768622E-3,1.813308895E-2,5.304241180E-2,5.608652669E-2
6.470065904E0,8.188173175E-3,8.242749609E-3,4.107284546E-2,4.268451400E-2
6.480032570E0,1.090303436E-2,5.213937722E-3,5.065059662E-2,5.207249027E-2
6.489999703E0,2.274278738E-2,2.875008620E-3,5.543804169E-2,5.999063692E-2
6.499966369E0,5.949039012E-3,7.589912973E-3,5.543804169E-2,5.627054567E-2
6.509933035E0,5.402792245E-3,-4.999429453E-3,5.304241180E-2,5.355074144E-2
6.519899701E0,-2.575031668E-2,-1.697358862E-2,4.825401306E-2,5.726806524E-2
6.529866367E0,5.591288209E-4,1.654302143E-2,3.867626190E-2,4.206943567E-2
6.539833033E0,-4.306036979E-3,-9.857733734E-3,3.388786316E-2,3.555424220E-2
6.549799699E0,-9.183503687E-3,4.428781103E-3,4.346466064E-2,4.464445729E-2
6.559799699E0,1.006874442E-2,2.031520940E-3,4.825401306E-2,4.933514435E-2
6.569799699E0,5.773790181E-4,9.195833467E-3,3.867721558E-2,3.975957400E-2
6.579799699E0,4.394911230E-4,-2.433921397E-2,4.346466064E-2,4.981733849E-2
6.589799699E0,-1.388925686E-2,1.162126288E-2,5.304241180E-2,5.604875250E-2
6.599799699E0,-1.881882548E-2,-7.645584177E-3,3.867626190E-2,4.368588313E-2
6.609799699E0,-1.343896985E-2,-5.172671750E-3,2.670669556E-2,3.034155618E-2
6.619799699E0,1.360593550E-2,4.566015676E-3,6.741237640E-2,6.892313452E-2
6.629800165E0,1.351715438E-2,-2.570694312E-3,4.107475281E-2,4.331809379E-2
6.639800165E0,6.313048303E-3,1.425699331E-2,3.149890900E-2,3.514680220E-2
6.649800165E0,3.900237381E-3,-9.771596640E-3,6.980609894E-2,7.059452813E-2
6.659800165E0,1.818320528E-2,2.190871630E-3,5.304622650E-2,5.611890073E-2
6.669800165E0,8.718967438E-4,9.313616902E-3,4.107284546E-2,4.212460442E-2
6.679799698E0,5.249697715E-3,-1.243298128E-2,4.107093811E-2,4.323147357E-2
6.689799698E0,2.368573099E-3,-2.741890494E-3,5.782890320E-2,5.794230015E-2
6.699799698E0,1.438297331E-2,9.345583618E-3,4.825210571E-2,5.121011189E-2
6.709799698E0,-7.873300463E-3,4.395821597E-3,5.303764343E-2,5.379873352E-2
6.719799698E0,4.058223218E-3,-1.238242071E-2,5.782604218E-2,5.927600418E-2
6.729799698E0,-3.081761301E-3,4.368149675E-3,5.303764343E-2,5.330637490E-2
6.739800164E0,-1.513584703E-2,-2.823816147E-3,3.388309479E-2,3.721736040E-2
6.749800164E0,8.834473789E-3,-5.215071142E-3,5.543136597E-2,5.637269931E-2
6.759800164E0,-5.549512804E-3,-5.175319035E-3,3.867149353E-2,3.940895116E-2
6.769800164E0,-5.512878299E-3,1.868765242E-2,5.303764343E-2,5.650320169E-2
6.779800164E0,1.648388803E-3,-5.248067901E-4,3.388309479E-2,3.392722683E-2
6.789799697E0,4.134420305E-3,-1.735848375E-2,5.782699585E-2,6.051753331E-2
6.799799697E0,1.373665780E-2,-4.979839083E-3,5.543231964E-2,5.732570650E-2
6.809799697E0,8.571911603E-3,4.974629730E-3,2.669906616E-2,2.847919843E-2
6.819799697E0,6.159152836E-3,1.207173709E-2,4.106521606E-2,4.324365815E-2
6.829799697E0,-1.051265746E-3,9.674340487E-3,6.021881104E-2,6.100002644E-2
6.839799697E0,1.300141960E-2,1.892407984E-2,4.824733734E-2,5.343185632E-2
6.849799697E0,5.636177957E-4,1.116030477E-2,6.021690369E-2,6.124496352E-2
6.859799697E0,-7.048998028E-3,8.105402812E-3,5.303382874E-2,5.411074679E-2
6.869799697E0,-1.670255512E-2,2.013824880E-2,2.909088135E-2,3.912548773E-2
6.879800163E0,-1.170390099E-2,-1.188460179E-2,4.585170746E-2,4.879143506E-2
6.889800163E0,-2.160325646E-3,2.533602528E-3,4.824542999E-2,4.836018676E-2
6.899800163E0,1.224220917E-2,-9.391463362E-3,5.782222748E-2,5.984547819E-2
6.909800163E0,7.426206023E-3,-1.418251079E-2,4.345607758E-2,4.631115229E-2
6.919800163E0,-6.902512163E-3,2.294317819E-4,6.261157990E-2,6.299132678E-2
6.929799696E0,-1.416192204E-2,1.656529494E-4,5.782222748E-2,5.953148299E-2
6.939799696E0,-1.694165170E-3,-6.962315645E-3,4.345798492E-2,4.404475552E-2
6.949799696E0,9.363889694E-4,-1.867038012E-2,5.782508850E-2,6.077171034E-2
6.959799696E0,-8.468560874E-3,2.968039364E-2,4.824829102E-2,5.727599738E-2
6.969799696E0,1.104681380E-2,-1.684371848E-3,4.825019836E-2,4.952727376E-2
6.979799696E0,6.120473146E-3,6.951005198E-4,4.345989227E-2,4.389425467E-2
6.989800162E0,-8.333966136E-3,1.510672458E-2,5.543136597E-2,5.805432328E-2
6.999800162E0,1.087152399E-2,4.935667850E-3,5.782604218E-2,5.904576195E-2
7.009800162E0,1.325268298E-3,-1.651144959E-2,5.064296722E-2,5.328315337E-2
7.019800162E0,-2.018024400E-2,-6.943149958E-3,4.346084595E-2,4.841791724E-2
7.029800162E0,-1.259892434E-2,2.817408182E-3,6.740474701E-2,6.862995412E-2
7.039799695E0,8.992463350E-3,1.477976236E-2,5.303955078E-2,5.578978150E-2
7.049799695E0,-1.730163768E-2,1.716514304E-2,5.543327332E-2,6.055441018E-2
7.059766361E0,6.678003818E-3,-9.125659242E-3,3.627967834E-2,3.800116383E-2
7.069733027E0,-2.926692367E-3,7.631141227E-3,3.388500214E-2,3.485675278E-2
7.079699693E0,-7.742717862E-3,-1.391977724E-2,4.346179962E-2,4.628863688E-2
7.089666359E0,1.618152484E-2,-4.428628832E-3,4.585647583E-2,4.882899625E-2
7.099633492E0,-7.669370621E-3,1.944084093E-2,5.543422699E-2,5.924288197E-2
7.109600158E0,4.454568028E-3,9.364584461E-3,6.980037689E-2,7.056650220E-2
7.119566824E0,-2.746533602E-3,-1.214381866E-2,6.261730194E-2,6.384310676E-2
7.129533490E0,-2.773977816E-3,-4.963468760E-3,4.346275330E-2,4.383311418E-2
7.139500156E0,6.790909916E-3,-1.216123439E-2,4.346275330E-2,4.564014684E-2
7.149466822E0,-1.007243246E-2,3.708163276E-4,4.106903076E-2,4.228778415E-2
7.159433488E0,-5.720555782E-4,5.094945431E-3,4.825115204E-2,4.852277187E-2
7.169400154E0,9.047914296E-3,1.226844266E-2,4.346275330E-2,4.605855363E-2
7.179366354E0,2.822342515E-2,1.698935032E-2,5.064487457E-2,6.041608289E-2
7.189333020E0,1.564387232E-3,-9.717434645E-3,5.064487457E-2,5.159243320E-2
7.199299686E0,-3.640878946E-3,4.505008459E-3,4.345989227E-2,4.384419388E-2
7.209266786E0,-6.001319736E-3,-2.098479308E-4,3.388309479E-2,3.441110267E-2
7.219233452E0,-5.964439362E-3,-7.346424274E-3,3.867149353E-2,3.981242141E-2
7.229200118E0,8.312374353E-3,6.940142717E-3,4.345989227E-2,4.478865241E-2
7.239166784E0,-1.324837282E-2,-2.652336378E-3,2.430629730E-2,2.780917761E-2
7.249133450E0,1.066062413E-2,9.245662019E-3,4.824924469E-2,5.027047629E-2
7.259100116E0,5.598932505E-3,4.022622481E-3,4.824829102E-2,4.873835371E-2
7.269066782E0,-1.553241163E-3,6.392574869E-3,4.106521606E-2,4.158881511E-2
7.279033448E0,-8.818726987E-3,3.989433870E-3,4.345893860E-2,4.452375627E-2
7.288999648E0,3.201626241E-3,1.530994661E-3,2.909374237E-2,2.930938758E-2
7.298966314E0,-1.845100895E-2,1.822400466E-2,4.345893860E-2,5.060862991E-2
7.308932980E0,-1.400537789E-3,-8.596805856E-3,6.021976471E-2,6.084641845E-2
7.318899646E0,8.430592716E-3,-4.086727276E-3,5.543327332E-2,5.621942746E-2
7.328866312E0,3.892689943E-3,-2.319913357E-3,4.585742950E-2,4.608078638E-2
7.338832978E0,8.641600609E-3,-2.337443642E-3,2.670288086E-2,2.816353582E-2
7.348800111E0,1.452889293E-3,-1.185881253E-2,4.106903076E-2,4.277157479E-2
7.358800111E0,8.651122451E-3,-1.905342378E-2,4.825210571E-2,5.259411168E-2
7.368800111E0,-1.285431907E-2,2.486275509E-3,4.346275330E-2,4.539191567E-2
7.378800111E0,-5.628481507E-3,-4.705209285E-3,4.346275330E-2,4.407754216E-2
7.388800111E0,4.040732980E-3,-1.662398130E-2,6.740665436E-2,6.954380870E-2
7.398799644E0,3.983050585E-3,5.345260724E-4,5.782890320E-2,5.796837461E-2
7.408799644E0,-9.397342801E-4,8.177177981E-3,5.543327332E-2,5.604103078E-2
7.418799644E0,1.365683973E-3,-1.584489457E-2,4.106807709E-2,4.403989932E-2
7.428799644E0,1.237470657E-3,-1.065183617E-2,5.782699585E-2,5.881287611E-2
7.438799644E0,-3.640040755E-3,-5.943055265E-3,5.064392090E-2,5.112119449E-2
7.448799644E0,8.307255805E-3,-5.471506156E-3,5.064296722E-2,5.161063851E-2
7.458800077E0,-6.247822195E-3,-5.018050782E-3,4.824924469E-2,4.891018022E-2
7.468800077E0,-1.824679971E-2,-2.626902889E-3,1.233482361E-2,2.218094209E-2
7.478800077E0,-2.538676560E-2,-2.420693636E-4,5.303764343E-2,5.880083406E-2
7.488800077E0,1.818215474E-2,2.158148214E-2,5.782699585E-2,6.434526068E-2
7.498800077E0,-9.939800948E-3,-1.788646914E-4,3.867435455E-2,3.993165831E-2
7.508799643E0,-2.720154822E-3,9.444192052E-3,4.585742950E-2,4.689878300E-2
7.518799643E0,1.675851271E-2,6.890059914E-3,5.304241180E-2,5.605192346E-2
7.528799643E0,-4.829786718E-3,-7.493793499E-3,3.867626190E-2,3.969051543E-2
7.538799643E0,-4.780840129E-3,-9.952526540E-3,3.867626190E-2,4.022141782E-2
7.548799643E0,-4.759505391E-3,-1.480858494E-2,4.585933685E-2,4.842546702E-2
7.558799643E0,9.697902948E-3,6.666043308E-3,5.304336548E-2,5.433308455E-2
7.568799643E0,-1.192728058E-2,3.054427356E-2,4.346466064E-2,5.444620642E-2
7.578799643E0,-9.545322508E-3,8.980268613E-3,5.543613434E-2,5.696422910E-2
7.588799643E0,-4.735354334E-3,4.124537110E-3,3.867626190E-2,3.918275924E-2
7.598800109E0,7.722351700E-3,-1.405338757E-3,4.586219788E-2,4.652903273E-2
7.608800109E0,5.671717227E-4,9.923372418E-4,4.825687408E-2,4.827040826E-2
7.618800109E0,-4.233688116E-3,-1.590814441E-2,5.065059662E-2,5.325857782E-2
7.628800109E0,8.117794991E-3,5.863770843E-3,5.544090271E-2,5.633805195E-2
7.638800109E0,1.282374375E-2,1.543223672E-2,5.304622650E-2,5.671423525E-2
7.648799642E0,2.198991366E-2,7.674447261E-3,4.586219788E-2,5.143728839E-2
7.658799642E0,2.458851784E-3,1.460704207E-2,4.107284546E-2,4.366222926E-2
7.668799642E0,9.233955294E-3,-1.220682170E-2,4.346561432E-2,4.608179743E-2
7.678799642E0,-1.039813086E-2,-1.482062135E-2,5.064678192E-2,5.378539264E-2
7.688799642E0,-3.242723644E-3,1.151394285E-2,3.628158569E-2,3.820261244E-2
7.698799642E0,-1.090964302E-2,1.646807417E-3,4.825210571E-2,4.949745439E-2
7.708800075E0,-1.086661220E-2,-1.033322699E-2,5.064582825E-2,5.281911358E-2
7.718800075E0,8.254088461E-3,-7.036160678E-4,6.979942322E-2,7.028929174E-2
7.728800075E0,-5.829345435E-3,-1.232264284E-2,5.304050446E-2,5.476425757E-2
7.738800075E0,8.836865425E-3,-3.878120333E-5,4.346370697E-2,4.435296516E-2
7.748800075E0,1.120365225E-2,-9.618565440E-3,6.022357941E-2,6.200740392E-2
7.758799641E0,1.363478601E-2,-9.572427720E-3,4.825305939E-2,5.104798235E-2
7.768799641E0,1.082120650E-2,-9.186192416E-3,2.909660339E-2,3.237432579E-2
7.778799641E0,1.760610938E-2,-1.684456132E-3,4.106616974E-2,4.471289274E-2
7.788799641E0,-4.407703876E-3,-1.814682037E-2,5.064105988E-2,5.397454852E-2
7.798799641E0,9.523494169E-3,1.123382058E-2,5.542755127E-2,5.735075506E-2
7.808799641E0,-6.477795541E-4,-1.011548843E-2,1.711750031E-2,1.989350500E-2
7.818799641E0,-1.775982603E-2,-1.462249644E-2,4.584693909E-2,5.129493783E-2
7.828799641E0,1.372750849E-3,1.405004226E-2,3.866386414E-2,4.116044852E-2
7.838799641E0,-1.062328368E-2,6.836103741E-3,6.021213531E-2,6.152306649E-2
7.848800107E0,-3.517121077E-3,9.291167371E-3,5.063533783E-2,5.160071093E-2
7.858800573E0,6.020165980E-3,-4.967724904E-3,4.345226288E-2,4.414770479E-2
7.868800573E0,-1.554990187E-2,-2.178631350E-2,4.105854034E-2,4.901271916E-2
7.878800573E0,1.446139067E-3,1.504551619E-4,4.345226288E-2,4.347658110E-2
7.888800573E0,-1.294097304E-2,2.611647360E-3,4.584693909E-2,4.770986595E-2
7.898800106E0,6.249777973E-3,1.450276282E-2,4.345226288E-2,4.623298610E-2
7.908800106E0,-1.286166534E-2,2.521574032E-3,5.063533783E-2,5.230409361E-2
7.918800106E0,-1.049512252E-2,-4.789959639E-3,6.260681152E-2,6.366085264E-2
7.928800106E0,4.507657140E-3,4.829246085E-3,4.584980011E-2,4.632326371E-2
7.938800106E0,9.339081123E-3,4.819933325E-3,3.627300262E-2,3.776481051E-2
7.948800106E0,2.177733928E-3,7.272292860E-3,5.303287506E-2,5.357345057E-2
7.958800539E0,4.669886082E-3,-2.433638554E-3,4.824542999E-2,4.853196831E-2
7.968800539E0,-2.537492663E-3,2.324339002E-3,3.148555756E-2,3.167304462E-2
7.978800539E0,4.623934627E-3,-1.676253974E-2,6.021499634E-2,6.267542815E-2
7.988800539E0,1.410605013E-2,1.433855575E-2,5.542659760E-2,5.896340011E-2
7.998800539E0,1.409986615E-2,9.604630060E-3,3.627300262E-2,4.008473355E-2
8.008800105E0,4.495222121E-3,7.207337767E-3,6.021499634E-2,6.081117104E-2
8.018800105E0,-3.822743893E-4,7.127703633E-3,4.824447632E-2,4.876966053E-2
8.028800105E0,-4.100166261E-4,-2.578102052E-3,3.627300262E-2,3.636681789E-2
8.038800105E0,-7.611174136E-3,-1.440648921E-4,4.824447632E-2,4.884137817E-2
8.048800105E0,-1.003319025E-2,2.121500671E-3,5.303192139E-2,5.401435326E-2
8.058800105E0,4.390038550E-3,8.780385368E-3,4.584980011E-2,4.688893021E-2
8.068800105E0,-1.007410884E-2,-3.689830191E-3,3.387832642E-2,3.553650963E-2
8.078800105E0,1.144687459E-2,-3.692636266E-3,4.584980011E-2,4.740116740E-2
8.088800105E0,-2.209134027E-2,5.924212746E-3,5.063819885E-2,5.556393430E-2
8.098800171E0,9.536391124E-3,8.842432871E-4,4.824638367E-2,4.918778485E-2
8.108800171E0,9.573308751E-3,-6.252245046E-3,4.585170746E-2,4.725587673E-2
8.118800171E0,1.439859718E-2,1.534195244E-2,5.064010620E-2,5.483717226E-2
8.128800171E0,7.182355970E-3,5.942854099E-3,2.909183502E-2,3.054895443E-2
8.138800171E0,-7.664676756E-3,7.893422619E-3,4.824542999E-2,4.948408740E-2
8.148799704E0,4.230130464E-3,-4.141859710E-3,4.584980011E-2,4.623043560E-2
8.158799237E0,1.802176237E-3,1.254488435E-2,5.063915253E-2,5.220101274E-2
8.168799237E0,-1.258487999E-2,-8.936265483E-3,3.627300262E-2,3.942038514E-2
8.178799237E0,-5.365137011E-3,3.081435338E-3,6.260967255E-2,6.291463292E-2
8.188799237E0,-2.769205719E-3,4.912228324E-3,4.345703125E-2,4.382136525E-2
8.198799237E0,9.180800989E-3,-2.328380942E-3,5.782222748E-2,5.859281914E-2
8.208799670E0,4.484154284E-3,-9.584479034E-3,5.542850494E-2,5.642950503E-2
8.218799670E0,2.077709883E-3,-2.238061279E-5,4.824638367E-2,4.829110597E-2
8.228799670E0,-3.130260855E-3,-2.281123772E-3,3.866767883E-2,3.886118172E-2
8.238799670E0,-1.280540228E-2,-1.198034827E-2,3.148555756E-2,3.603952562E-2
8.248799670E0,-1.288803294E-2,-1.775380224E-5,4.106140137E-2,4.303650068E-2
8.258799236E0,-1.046304777E-2,4.746558145E-3,4.824447632E-2,4.959369595E-2
8.268799236E0,8.733985946E-3,-1.764800400E-4,5.782127380E-2,5.847746027E-2
8.278799236E0,6.312046200E-3,-5.093527958E-3,6.021499634E-2,6.075879968E-2
8.288799236E0,8.678814396E-3,-9.884907864E-3,3.387832642E-2,3.634245759E-2
8.298799236E0,-3.334958106E-3,-1.416196022E-2,2.908897400E-2,3.252462869E-2
8.308799236E0,-2.244025096E-2,2.533506602E-3,5.303287506E-2,5.764086533E-2
8.318799236E0,-5.652815104E-3,2.411165275E-3,6.021499634E-2,6.052779379E-2
8.328799236E0,-5.560901016E-3,2.462953329E-3,3.866767883E-2,3.914305999E-2
8.338799236E0,-7.357448339E-4,-1.437682286E-2,4.106235504E-2,4.351265744E-2
8.348799702E0,9.249044582E-3,2.734873444E-3,5.303478241E-2,5.390466124E-2
8.358799702E0,1.167999581E-2,2.655121498E-3,6.021690369E-2,6.139664048E-2
8.368799702E0,1.855053008E-3,1.018719375E-2,4.824542999E-2,4.934411468E-2
8.378799702E0,-7.700536400E-3,1.263953652E-2,4.824542999E-2,5.046461790E-2
8.388799702E0,-1.002172753E-2,2.526816912E-3,3.387928009E-2,3.542069234E-2
8.398799635E0,-9.987816215E-3,-1.894781366E-2,3.627490997E-2,4.212653806E-2
8.408799635E0,-4.708983004E-3,-6.741063669E-3,3.627586365E-2,3.719616571E-2
8.418799635E0,-3.166496754E-6,5.221076310E-3,3.866958618E-2,3.902046314E-2
8.428799635E0,-4.736475646E-3,4.389854148E-4,4.106426239E-2,4.133885044E-2
8.438799635E0,2.418760210E-3,1.001300290E-2,4.106426239E-2,4.233655954E-2
8.448799635E0,1.197449490E-2,5.032783374E-4,6.021690369E-2,6.139802364E-2
8.458800068E0,1.190403104E-2,-9.067671373E-3,3.627490997E-2,3.924025628E-2
8.468800068E0,-1.842901111E-5,2.839316614E-3,5.064010620E-2,5.071964525E-2
8.478800068E0,1.192556694E-2,5.677742884E-4,2.909183502E-2,3.144640487E-2
8.488800068E0,9.038159624E-3,-4.177475348E-3,4.585075378E-2,4.691941232E-2
8.498800068E0,1.849126071E-3,-1.861361228E-2,3.387928009E-2,3.870001872E-2
8.508799634E0,-8.092109114E-3,-8.644097485E-3,3.387737274E-2,3.588703157E-2
8.518799634E0,-8.052140474E-4,1.284603402E-2,3.627204895E-2,3.848805652E-2
8.528799634E0,8.793363348E-3,-1.461558975E-3,4.584884644E-2,4.670734539E-2
8.538799634E0,-1.030571014E-2,-1.103262790E-2,5.782127380E-2,5.975973765E-2
8.548799634E0,-6.305910647E-4,-3.852988593E-3,6.500434875E-2,6.512149049E-2
8.558799634E0,-3.046389669E-3,-1.516904682E-3,4.824447632E-2,4.836435656E-2
8.568799634E0,-6.521008909E-4,-1.588258520E-2,4.824447632E-2,5.079577978E-2
8.578799634E0,-3.073997796E-3,1.045126561E-2,6.021404266E-2,6.119157907E-2
8.588799634E0,-3.080058843E-3,-3.859274089E-3,5.063819885E-2,5.087836418E-2
8.598800100E0,-7.623508573E-4,-8.586621843E-3,2.669429779E-2,2.805168066E-2
8.608800100E0,1.709047705E-3,-5.625677295E-3,5.542564392E-2,5.573662255E-2
8.618800100E0,4.091057926E-3,6.455437280E-3,5.063724518E-2,5.121074130E-2
8.628800100E0,-5.933754146E-4,-7.968418300E-3,5.303192139E-2,5.363051809E-2
8.638800100E0,-5.399886519E-3,-2.638230566E-3,3.866577148E-2,3.913005136E-2
8.648799633E0,-1.732850820E-2,-9.955796413E-3,5.542564392E-2,5.891856314E-2
8.658799633E0,-7.772829384E-3,-2.705699299E-3,7.218551636E-2,7.265319303E-2
8.668799633E0,-1.226095110E-2,-1.197099593E-2,4.106140137E-2,4.449353153E-2
8.678799633E0,2.432707697E-3,-9.261889383E-3,3.627395630E-2,3.751667052E-2
8.688799633E0,-9.173780680E-3,1.277271658E-2,6.261157990E-2,6.455625824E-2
8.698799633E0,1.196850091E-3,8.252456784E-3,4.585361481E-2,4.660568081E-2
8.708800066E0,-7.911626250E-3,-2.042783052E-2,3.627872467E-2,4.237966438E-2
8.718800066E0,-2.764496952E-3,-3.377846908E-3,4.346179962E-2,4.368043406E-2
8.728800066E0,-1.911051944E-2,6.621052045E-3,2.670288086E-2,3.349767350E-2
8.738800066E0,9.605381638E-3,-7.732886821E-3,5.304050446E-2,5.445508248E-2
8.748800066E0,2.848573029E-3,-2.387976274E-4,5.304241180E-2,5.311938293E-2
8.758799632E0,1.001603156E-2,1.174438372E-2,3.867626190E-2,4.164258244E-2
8.768799632E0,4.725009203E-4,9.297532961E-3,4.825401306E-2,4.914384145E-2
8.778799632E0,-1.145606488E-2,-1.226064842E-2,6.261920929E-2,6.482846824E-2
8.788799632E0,-9.006865323E-3,6.773429923E-3,5.783176422E-2,5.891957170E-2
8.798799632E0,-1.845642924E-3,-5.256688688E-3,5.064868927E-2,5.095418431E-2
8.808799632E0,1.728714630E-2,1.993053127E-3,4.586029053E-2,4.905083012E-2
8.818799632E0,-4.273694009E-3,1.977266278E-3,5.304336548E-2,5.325197333E-2
8.828799632E0,1.012567058E-2,1.641592011E-2,3.388786316E-2,3.899229292E-2
8.838799632E0,-1.916181296E-3,2.121031843E-2,4.107093811E-2,4.626414720E-2
8.848800098E0,1.951515675E-2,6.259714719E-3,4.585933685E-2,5.023051013E-2
8.858800098E0,-6.898492575E-3,-3.381513990E-3,4.346466064E-2,4.413842500E-2
8.868800098E0,1.552291214E-4,-6.124870386E-3,4.107093811E-2,4.152541500E-2
8.878800098E0,8.095055819E-6,-8.577393368E-3,3.628158569E-2,3.728170064E-2
8.888800098E0,-3.565661609E-4,-8.687257767E-3,3.628063202E-2,3.730790595E-2
8.898799631E0,1.645848900E-2,8.958508261E-4,5.782890320E-2,6.013207508E-2
8.908799631E0,-1.212587580E-2,-6.354675628E-3,5.543422699E-2,5.709966977E-2
8.918799631E0,1.893529296E-2,-4.009380471E-3,4.585742950E-2,4.977473548E-2
8.928799631E0,-2.902685478E-2,-6.467882078E-3,4.825210571E-2,5.668030966E-2
8.938799631E0,-1.330301166E-5,8.249716833E-3,2.430915833E-2,2.567086253E-2
8.948799631E0,9.674072266E-3,1.078873407E-3,6.261920929E-2,6.337126331E-2
8.958800064E0,-2.303559333E-3,5.796835292E-3,4.585838318E-2,4.628067624E-2
8.968800064E0,6.552413106E-5,1.005230844E-2,3.628253937E-2,3.764938062E-2
8.978800064E0,9.614977986E-3,-1.922341529E-3,3.388786316E-2,3.527790340E-2
8.988800064E0,-7.160253823E-3,4.840735346E-4,5.064773560E-2,5.115365757E-2
8.998800064E0,-7.117412984E-3,4.746499471E-4,5.064773560E-2,5.114759018E-2
9.008799630E0,-2.279862761E-3,9.987772442E-3,6.501388550E-2,6.581609742E-2
9.018799630E0,7.146660239E-3,-9.573528543E-3,4.825401306E-2,4.971093419E-2
9.028799630E0,4.730932415E-3,9.522779845E-3,3.867626190E-2,4.011132374E-2
9.038799630E0,-2.408947796E-3,-1.442879997E-2,6.022453308E-2,6.197570236E-2
9.048799630E0,1.300871372E-5,-2.453885507E-3,5.304241180E-2,5.309914475E-2
9.058799630E0,2.405998111E-2,7.728114724E-6,3.867626190E-2,4.554926987E-2
9.068799630E0,4.440329969E-3,-4.733896814E-3,3.149223328E-2,3.215411429E-2
9.078799630E0,3.836955875E-3,9.663085453E-3,5.782699585E-2,5.875422453E-2
9.088799630E0,5.575560033E-3,1.671801135E-2,4.585361481E-2,4.912364771E-2
9.098800096E0,9.925538674E-3,-4.946342669E-4,4.106330872E-2,4.224874322E-2
9.108800096E0,-5.312263966E-5,-7.758894935E-4,4.824542999E-2,4.825169781E-2
9.118800096E0,-9.630266577E-3,6.406799890E-3,4.585075378E-2,4.728721542E-2
9.128800096E0,-1.444630325E-2,8.798428811E-3,4.106235504E-2,4.440974025E-2
9.138800096E0,1.660884172E-2,6.410330534E-3,3.627395630E-2,4.040725017E-2
9.148799629E0,4.735436291E-3,-9.007565677E-4,6.021690369E-2,6.040952912E-2
9.158799629E0,1.195196062E-2,-5.741156638E-3,5.064010620E-2,5.234721194E-2
9.168799629E0,4.888664931E-3,6.285286509E-3,4.106330872E-2,4.182821050E-2
9.178799629E0,7.858499885E-5,-1.292720810E-2,5.782318115E-2,5.925064694E-2
9.188799629E0,-7.064327598E-3,-5.725790747E-3,3.148651123E-2,3.277330916E-2
9.198766295E0,4.189461470E-5,-5.789732561E-3,3.627490997E-2,3.673406936E-2
9.208732961E0,-9.541247040E-3,-9.460728616E-4,4.824638367E-2,4.918987686E-2
9.218699627E0,4.851952195E-3,1.821111329E-2,4.585170746E-2,4.957383548E-2
9.228666293E0,-4.737433046E-3,1.435840502E-3,5.064010620E-2,5.088148254E-2
9.238632959E0,2.165726945E-2,-1.824182644E-2,4.345703125E-2,5.186824768E-2
9.248599625E0,2.530764788E-3,1.049290225E-2,4.345798492E-2,4.477836779E-2
9.258565858E0,2.524629235E-3,-8.731478825E-3,5.542945862E-2,5.616971923E-2
9.268532524E0,1.756213605E-3,3.629771993E-3,3.148365021E-2,3.174082169E-2
9.278499190E0,1.378281415E-2,8.424760774E-3,4.824352264E-2,5.087612443E-2
9.288465856E0,-1.189526170E-3,-1.344655640E-3,3.866386414E-2,3.870552236E-2
9.298432522E0,1.509557664E-2,-1.343765017E-2,5.063438416E-2,5.451869161E-2
9.308399188E0,1.223603263E-2,-1.168678515E-3,5.302715302E-2,5.443312650E-2
9.318366321E0,7.419979200E-3,-5.960089155E-3,4.344940186E-2,4.447953772E-2
9.328332987E0,-1.220567524E-2,-3.338548355E-3,5.063152313E-2,5.218884505E-2
9.338299653E0,4.483783618E-3,2.061036229E-2,2.190017700E-2,3.040574127E-2
9.348266319E0,9.321391582E-3,6.305807270E-3,6.020832062E-2,6.125106871E-2
9.358232985E0,4.636904225E-3,6.247448735E-3,3.387165070E-2,3.475370797E-2
9.368199651E0,-4.897309467E-3,-1.052173972E-2,4.344844818E-2,4.497174998E-2
9.378166317E0,2.264121547E-3,-1.045434363E-2,4.823780060E-2,4.940956338E-2
9.388132983E0,-1.456622966E-2,-1.523671672E-2,3.626632690E-2,4.194733662E-2
9.398099183E0,-1.709823683E-2,1.633590087E-3,2.908229828E-2,3.377570713E-2
9.408065849E0,-3.659017384E-4,1.360189170E-2,4.584217072E-2,4.781892886E-2
9.418032515E0,-1.467637345E-2,4.030941054E-3,5.541896820E-2,5.747091838E-2
9.427999181E0,5.044214427E-3,8.616562001E-3,5.063247681E-2,5.160752801E-2
9.437965847E0,2.946749330E-3,-1.248831861E-3,5.302810669E-2,5.312459893E-2
9.447932513E0,9.289234877E-4,5.557293072E-3,4.345226288E-2,4.381604220E-2
9.457899179E0,-1.802057028E-2,1.777997240E-4,5.542469025E-2,5.828094761E-2
9.467865845E0,-1.552814618E-2,1.750877127E-4,4.106044769E-2,4.389891051E-2
9.477832511E0,1.611515507E-2,-1.899167150E-2,1.711940765E-2,3.022343342E-2
9.487799177E0,-6.599687040E-4,-9.401925839E-3,3.627395630E-2,3.747841611E-2
9.497799177E0,4.052169621E-3,2.631166950E-3,4.345512390E-2,4.372288773E-2
9.507799177E0,3.969557583E-3,-4.560383968E-3,5.063819885E-2,5.099785949E-2
9.517799177E0,-7.698461413E-4,2.683903091E-3,5.063819885E-2,5.071511788E-2
9.527799177E0,1.358043775E-2,1.765955240E-4,2.908992767E-2,3.210425778E-2
9.537799177E0,-5.601353943E-3,-7.134475745E-3,5.303287506E-2,5.380299013E-2
9.547799177E0,1.108824089E-2,2.449164167E-3,5.063819885E-2,5.189580594E-2
9.557799177E0,-1.339279115E-3,5.058402196E-3,4.584693909E-2,4.614458717E-2
9.567799677E0,1.068114862E-2,-4.457529634E-3,5.303096771E-2,5.427927821E-2
9.577799677E0,-8.488375694E-3,-6.839656271E-3,5.542469025E-2,5.648654449E-2
9.587799677E0,3.461599350E-3,9.862459265E-3,5.303001404E-2,5.405028364E-2
9.597799677E0,1.068739593E-2,1.224787161E-2,3.387737274E-2,3.757535329E-2
9.607799677E0,-6.094042212E-3,-4.570273682E-3,3.627109528E-2,3.706234079E-2
9.617799210E0,-1.326806843E-3,5.074516870E-3,4.105854034E-2,4.139220788E-2
9.627799210E0,-3.997180611E-3,-9.698371403E-3,4.584693909E-2,4.703166683E-2
9.637799210E0,-8.804086596E-3,-1.205285080E-2,6.978988647E-2,7.136814000E-2
9.647799210E0,1.024711877E-3,-2.112776414E-2,5.303096771E-2,5.709392252E-2
9.657799210E0,1.003354788E-3,-2.106031030E-2,5.303001404E-2,5.706772976E-2
9.667799210E0,-4.002097994E-3,-1.330072992E-3,4.584598541E-2,4.603955105E-2
9.677799210E0,-6.653174758E-3,-7.955295034E-3,4.345035553E-2,4.467085010E-2
9.687799210E0,-1.146930829E-2,1.598430052E-2,4.584503174E-2,4.988797281E-2
9.697799210E0,-1.147856936E-2,-1.518415939E-2,4.823970795E-2,5.185928725E-2
9.707799210E0,9.924955666E-4,9.287478402E-3,4.584598541E-2,4.678778346E-2
9.717799210E0,8.619645610E-3,-1.786882058E-5,4.824161530E-2,4.900563290E-2
9.727799210E0,-9.851343930E-4,9.555659257E-3,4.584693909E-2,4.684253342E-2
9.737799210E0,-1.049600542E-3,2.323550172E-3,4.345226288E-2,4.352699962E-2
9.747799210E0,3.787893802E-3,-4.923649598E-3,6.260681152E-2,6.291425366E-2
9.757799210E0,6.099391729E-3,7.038294803E-3,5.063533783E-2,5.148473182E-2
9.767799210E0,-8.281543851E-3,9.444884025E-3,4.105854034E-2,4.293708814E-2
9.777799210E0,-1.549192145E-2,2.259217203E-3,5.063533783E-2,5.300038802E-2
9.787799210E0,1.114494726E-2,-1.242239308E-2,5.542469025E-2,5.788282982E-2
9.797799210E0,6.328850985E-3,1.403686777E-2,4.584789276E-2,4.836442166E-2
9.807799210E0,1.356063411E-2,1.157818735E-2,5.542469025E-2,5.822234544E-2
9.817799710E0,1.568801329E-2,1.121392101E-2,4.345226288E-2,4.753908849E-2
9.827799710E0,5.546808243E-3,-2.515298314E-2,2.908611298E-2,3.885153293E-2
9.837799710E0,3.118898720E-3,6.024698727E-3,6.500053406E-2,6.535360703E-2
9.847799710E0,-6.464283913E-3,1.291247085E-3,4.345130920E-2,4.394849892E-2
9.857799710E0,-2.563377097E-2,1.327485871E-2,5.302906036E-2,6.037709277E-2
9.867799210E0,-8.613839746E-3,-8.607692085E-3,4.824161530E-2,4.975483941E-2
9.877799210E0,2.774429880E-2,-1.828945056E-2,4.824352264E-2,5.858060767E-2
9.887799210E0,-1.051362604E-3,-1.354987454E-2,4.106044769E-2,4.325118297E-2
9.897799710E0,-8.310861886E-3,-6.431305781E-3,5.542564392E-2,5.641306696E-2
9.907799710E0,-8.350152522E-3,-1.313015446E-2,3.627014160E-2,3.946706443E-2
9.917799710E0,5.981806666E-3,8.470295928E-3,7.218360901E-2,7.292462776E-2
9.927799710E0,-1.072902232E-2,1.348650083E-3,4.584789276E-2,4.710583879E-2
9.937799710E0,-1.526902989E-2,-7.824313827E-3,4.824256897E-2,5.120262319E-2
9.947799710E0,-1.038245112E-2,-1.740461215E-2,4.824352264E-2,5.232736657E-2
9.957799710E0,2.121530846E-2,4.669856280E-3,4.584980011E-2,5.073559934E-2
9.967799710E0,-2.754986286E-3,-2.515911125E-3,4.345512390E-2,4.361499228E-2
9.977799710E0,-5.170594901E-3,-5.405908450E-5,4.824447632E-2,4.852079419E-2
9.987799710E0,1.637179404E-2,2.154950984E-2,3.387737274E-2,4.336004380E-2
9.997799710E0,-7.592286915E-3,2.161701396E-2,4.345417023E-2,4.912436283E-2
1.000779971E1,4.283431917E-3,-2.213219181E-2,4.824447632E-2,5.325139621E-2
1.001779971E1,1.870420389E-2,-1.015487127E-2,5.303287506E-2,5.714415535E-2
1.002779971E1,-1.048324257E-2,-2.757097129E-3,1.711559296E-2,2.025940477E-2
1.003779971E1,-3.591056913E-3,-4.145316780E-6,3.387546539E-2,3.406527356E-2
1.004779971E1,5.958467722E-3,4.781222902E-3,5.542373657E-2,5.594777927E-2
1.005779971E1,-6.028283387E-3,9.581748396E-3,4.584693909E-2,4.722384913E-2
1.006780021E1,-1.322336495E-2,7.172215264E-3,5.303001404E-2,5.512241324E-2
1.007780021E1,1.064891368E-2,-2.398696262E-3,4.345130920E-2,4.480144393E-2
1.008780021E1,-8.597310632E-3,2.337439451E-3,5.063438416E-2,5.141223815E-2
1.009780021E1,-1.061220840E-2,4.327044822E-3,4.824161530E-2,4.958422864E-2
1.010780021E1,1.626976952E-2,-1.508814562E-2,3.148365021E-2,3.851723989E-2
1.011779971E1,-2.439929917E-2,-7.957442664E-3,3.148460388E-2,4.061929314E-2
1.012779971E1,-1.915400103E-2,1.627290063E-2,4.585170746E-2,5.228825993E-2
1.013779971E1,1.504563168E-2,1.126609556E-2,5.782508850E-2,6.080326309E-2
1.014779971E1,5.446970463E-3,-7.635913789E-4,5.543041229E-2,5.570263159E-2
1.015779971E1,-1.662895083E-3,-8.482440375E-3,5.303668976E-2,5.373646318E-2
1.016779971E1,5.492448807E-3,1.545766369E-2,5.064201355E-2,5.323269575E-2
1.017779971E1,5.471054465E-3,-6.148621440E-3,3.388214111E-2,3.486742705E-2
1.018779971E1,-1.129810140E-2,-3.797142766E-3,4.585456848E-2,4.737833723E-2
1.019779921E1,-1.678097993E-3,8.165092207E-3,2.909469604E-2,3.026526196E-2
1.020779921E1,-4.142835736E-3,3.382695839E-3,6.740188599E-2,6.761375565E-2
1.021779921E1,-1.656759530E-3,3.309036605E-3,4.345989227E-2,4.361716189E-2
1.022779921E1,-8.790548891E-3,8.507762104E-4,4.585456848E-2,4.669731278E-2
1.023779921E1,5.608860403E-3,-1.595198177E-3,4.824924469E-2,4.860034553E-2
1.024779921E1,1.039132662E-2,8.036997169E-3,4.585456848E-2,4.769920799E-2
1.025779971E1,7.438398898E-4,2.001486719E-2,4.345989227E-2,4.785300871E-2
1.026779971E1,8.024692535E-3,5.646022968E-3,5.064296722E-2,5.158472056E-2
1.027779971E1,-9.041797370E-3,2.441813983E-2,5.303764343E-2,5.908461114E-2
1.028779971E1,-6.601862609E-3,1.203368325E-2,6.021976471E-2,6.176418205E-2
1.029779971E1,-1.685295254E-3,-7.901082747E-3,3.388500214E-2,3.483476279E-2
1.030779971E1,1.046971418E-2,-1.115886495E-3,3.867340088E-2,4.008106851E-2
1.031780021E1,5.475781858E-3,-1.589406654E-2,2.909660339E-2,3.360383709E-2
1.032780021E1,5.525004119E-3,-1.595764235E-2,2.909660339E-2,3.364200275E-2
1.033780021E1,5.635388196E-3,3.083781339E-3,5.064582825E-2,5.105161336E-2
1.034780021E1,8.806660771E-4,1.021503564E-2,5.782890320E-2,5.873078044E-2
1.035780021E1,-3.864888102E-3,-6.678957492E-3,7.458877563E-2,7.498687408E-2
1.036779971E1,-8.613489568E-3,-6.785536185E-3,4.585838318E-2,4.715110828E-2
1.037779971E1,6.303932518E-3,-8.992665447E-3,4.346561432E-2,4.483154275E-2
1.038779971E1,6.090160459E-3,-1.260752790E-3,3.388690948E-2,3.445289808E-2
1.039779971E1,6.130117923E-3,3.546623513E-3,4.107093811E-2,4.167707813E-2
1.040779971E1,1.323379576E-3,1.192678697E-3,3.867530823E-2,3.871631804E-2
1.041779971E1,3.696385771E-3,1.562613249E-2,4.346370697E-2,4.633500953E-2
1.042779971E1,-3.431178629E-3,-1.549307350E-2,4.825305939E-2,5.079533496E-2
1.043779971E1,-8.176691830E-3,-8.318977430E-3,5.543613434E-2,5.665005441E-2
1.044779971E1,-1.059846580E-2,-1.550454088E-2,3.628158569E-2,4.085427426E-2
1.045779971E1,-3.234561533E-3,-3.024875186E-3,3.867530823E-2,3.892803263E-2
1.046779971E1,1.811709255E-3,-5.799718201E-5,4.346466064E-2,4.350244107E-2
1.047779971E1,-7.780801505E-3,-7.354194298E-3,4.107093811E-2,4.244345654E-2
1.048779971E1,-7.793050259E-3,1.657321677E-2,4.585933685E-2,4.938098746E-2
1.049779971E1,9.374205023E-3,1.654839329E-2,5.543804169E-2,5.860973901E-2
1.050779971E1,9.401794523E-3,-2.084402367E-4,5.543804169E-2,5.623000670E-2
1.051779971E1,4.607196897E-3,1.421244629E-2,5.304431915E-2,5.510825426E-2
1.052779971E1,-2.882238477E-3,1.861828938E-2,3.867721558E-2,4.302179683E-2
1.053779971E1,-2.971339971E-3,-1.117326319E-3,2.431106567E-2,2.451744672E-2
1.054779971E1,1.127469726E-2,-1.591427997E-2,5.543708801E-2,5.876779588E-2
1.055779921E1,1.138509624E-2,-1.590170339E-2,4.825592041E-2,5.206840157E-2
1.056779971E1,1.334163547E-2,-1.333203353E-2,4.585838318E-2,4.958561952E-2
1.057779971E1,-1.814204082E-2,1.370976679E-3,4.346179962E-2,4.711625249E-2
1.058779971E1,-1.357668638E-2,9.184820578E-3,5.303859711E-2,5.551378320E-2
1.059779971E1,3.645692021E-3,-7.593941875E-3,3.867435455E-2,3.958111574E-2
1.060779971E1,1.559562236E-2,-4.692068323E-4,4.585742950E-2,4.843911057E-2
1.061779921E1,3.547608852E-3,-5.322075449E-3,5.782890320E-2,5.818154399E-2
1.062779921E1,1.555873454E-2,1.611924544E-2,6.022262573E-2,6.425471924E-2
1.063779921E1,-1.376073435E-2,-7.930341177E-3,4.106616974E-2,4.403042605E-2
1.064779921E1,-8.929278702E-3,6.551537663E-3,4.585552216E-2,4.717397138E-2
1.065779921E1,-6.498117000E-3,-4.598153755E-4,4.825019836E-2,4.868797179E-2
1.066779921E1,3.183156252E-3,-1.954674348E-2,2.430725098E-2,3.135363001E-2
1.067779971E1,-1.626815647E-3,-9.902367368E-3,1.712417603E-2,1.984794229E-2
1.068779971E1,1.272654161E-2,6.842237897E-3,4.106712341E-2,4.353492513E-2
1.069779971E1,3.127977252E-3,6.784098223E-3,6.022071838E-2,6.068231335E-2
1.070779971E1,-1.843583211E-2,-2.780864015E-3,5.064392090E-2,5.396684014E-2
1.071779971E1,-1.342371106E-2,1.637010276E-2,5.543327332E-2,5.933821765E-2
1.072779971E1,-8.586142212E-3,1.870007627E-2,4.825115204E-2,5.245558467E-2
1.073779971E1,-1.155488193E-3,-3.197774291E-3,4.106903076E-2,4.120954017E-2
1.074779971E1,1.078833081E-2,-2.235504985E-2,6.740570068E-2,7.183080690E-2
1.075779971E1,1.104274951E-2,-2.200618014E-2,6.740570068E-2,7.176170821E-2
1.076779971E1,-8.527792990E-3,4.689388908E-3,5.303955078E-2,5.392501802E-2
1.077779971E1,1.541502029E-2,2.420653589E-3,4.106807709E-2,4.393255478E-2
1.078779971E1,-8.604280651E-3,8.756853640E-5,5.303859711E-2,5.373205837E-2
1.079779971E1,-1.504186541E-3,7.839035243E-5,2.191257477E-2,2.196428135E-2
1.080779971E1,1.057129540E-2,-2.374076284E-3,4.585552216E-2,4.711812217E-2
1.081780021E1,1.246624440E-2,-4.795689136E-3,4.106616974E-2,4.318374904E-2
1.082780021E1,5.338452756E-3,4.661864601E-3,4.585456848E-2,4.639906799E-2
1.083780021E1,3.042206168E-3,1.663007401E-2,5.543136597E-2,5.795214157E-2
1.084780021E1,7.858291268E-3,7.056004368E-3,5.064392090E-2,5.173341921E-2
1.085780021E1,-2.111122012E-3,-1.485664863E-2,3.388214111E-2,3.705639393E-2
1.086779971E1,-1.637874171E-2,-1.007126458E-2,4.345989227E-2,4.752321313E-2
1.087779971E1,-2.095796168E-3,-5.032168701E-4,3.867053986E-2,3.873055953E-2
1.088779971E1,7.514934987E-3,-1.492108684E-2,4.585456848E-2,4.880322255E-2
1.089779971E1,2.555090934E-3,4.646612331E-3,4.345893860E-2,4.378126129E-2
1.090779971E1,1.184460893E-2,1.468028594E-2,4.824638367E-2,5.180269388E-2
1.091779971E1,2.147074416E-2,-9.201282635E-3,5.542850494E-2,6.014961028E-2
1.092779971E1,8.902141824E-3,5.265882239E-3,6.021595001E-2,6.109777640E-2
1.093779971E1,1.140059158E-2,-1.142677385E-2,4.345607758E-2,4.635704183E-2
1.094779971E1,6.075996906E-3,-4.066434689E-3,4.584884644E-2,4.642812024E-2
1.095779971E1,5.339458585E-4,5.636493675E-3,4.105758667E-2,4.144611661E-2
1.096779971E1,5.306955427E-3,5.522751249E-3,3.387451172E-2,3.472962858E-2
1.097779921E1,-2.430425957E-3,1.267191023E-2,4.584407806E-2,4.762524302E-2
1.098779921E1,-2.865647897E-3,3.455299884E-4,4.823780060E-2,4.832408028E-2
1.099779921E1,2.100663632E-2,-2.359107882E-2,2.908325195E-2,4.293778422E-2
1.100779921E1,6.558252499E-3,-4.446116276E-3,4.344749451E-2,4.416405104E-2
1.101779921E1,-1.261746138E-2,-4.504309967E-3,5.063056946E-2,5.237312005E-2
1.102779921E1,-3.328166902E-3,5.403329618E-3,4.105281830E-2,4.154042075E-2
1.103779921E1,6.285611540E-3,-3.046526387E-2,3.626441956E-2,4.777812618E-2
1.104779921E1,-1.043902710E-3,3.623940982E-3,5.781173706E-2,5.793461507E-2
1.105779921E1,-3.676846623E-3,-5.435886793E-3,4.105091095E-2,4.157217045E-2
1.106779971E1,-6.144430488E-3,-2.375328913E-4,4.344367981E-2,4.387668815E-2
1.107779971E1,-3.756390885E-3,-1.830030233E-4,5.302143097E-2,5.315464330E-2
1.108779971E1,-1.383794472E-3,6.940948777E-3,3.865528107E-2,3.929786777E-2
1.109779971E1,1.540964842E-2,-7.477335632E-3,6.259822845E-2,6.489919890E-2
1.110779971E1,-6.089884788E-3,-7.416582666E-3,5.062675476E-2,5.152825140E-2
1.111779921E1,1.310694404E-2,-2.763314638E-3,4.823398590E-2,5.005941755E-2
1.112779921E1,-6.062656641E-3,1.161421742E-2,4.344367981E-2,4.537619604E-2
1.113779921E1,-1.561239362E-2,1.914159860E-3,6.020450592E-2,6.222534352E-2
1.114779921E1,5.942052230E-3,-2.929913811E-3,4.344463348E-2,4.394688337E-2
1.115779921E1,-1.324588247E-2,-5.272465292E-3,4.823398590E-2,5.029681589E-2
1.116779921E1,-5.673874170E-3,9.358887561E-3,2.429103851E-2,2.664275092E-2
1.117779921E1,-1.765762269E-2,4.554604180E-3,4.105091095E-2,4.491896424E-2
1.118779921E1,6.735267118E-3,-2.662777901E-3,3.865814209E-2,3.933072793E-2
1.119779921E1,6.996095181E-5,-4.068179987E-4,6.499767303E-2,6.499898380E-2
1.120779921E1,1.680031419E-4,-9.987000376E-3,4.584312439E-2,4.691865786E-2
1.121779921E1,-4.691157490E-3,-1.010654215E-2,5.541992188E-2,5.652890317E-2
1.122779921E1,7.575936615E-5,-1.255947817E-2,3.866004944E-2,4.064905477E-2
1.123779921E1,6.043910980E-5,-1.254732348E-2,3.866004944E-2,4.064527527E-2
1.124779921E1,-6.763376296E-3,1.445665769E-2,4.105567932E-2,4.404891616E-2
1.125779921E1,1.995664835E-2,2.183464728E-2,3.866195679E-2,4.868024792E-2
1.126779921E1,-3.937143832E-3,7.529708557E-3,3.626823425E-2,3.725026749E-2
1.127779921E1,-8.747216314E-3,-1.886560395E-2,5.063438416E-2,5.473815547E-2
1.128779921E1,-1.354201511E-2,-4.570530728E-3,4.584503174E-2,4.802127507E-2
1.129779921E1,-1.117515191E-2,-9.236554615E-3,4.345035553E-2,4.580536385E-2
1.130779921E1,-1.549161971E-3,-6.906791590E-3,4.345130920E-2,4.402408369E-2
1.131779968E1,-1.570653170E-3,2.178293653E-4,6.021022797E-2,6.023110453E-2
1.132779968E1,-1.049663872E-3,5.537443794E-4,4.345226288E-2,4.346846646E-2
1.133780018E1,3.793913871E-3,-1.393133961E-2,4.105854034E-2,4.352332410E-2
1.134780018E1,3.864873201E-3,1.768992469E-2,4.345226288E-2,4.707408873E-2
1.135780018E1,-5.795080215E-3,1.289176010E-2,5.063533783E-2,5.257107446E-2
1.136779968E1,-1.028094441E-3,5.650436506E-3,4.824161530E-2,4.858227925E-2
1.137779968E1,-8.281439543E-3,3.261955455E-3,4.824161530E-2,4.905584614E-2
1.138779968E1,-3.288086504E-3,7.710214239E-3,5.781841278E-2,5.842283606E-2
1.139779968E1,8.655698970E-3,-6.658584811E-3,4.824161530E-2,4.946222117E-2
1.140779968E1,-1.290808618E-2,2.930740360E-3,4.345226288E-2,4.542364007E-2
1.141779968E1,1.506559551E-3,7.780074608E-3,5.063533783E-2,5.125169968E-2
1.142779968E1,3.943707794E-3,-8.989016525E-3,4.345226288E-2,4.454721538E-2
1.143779968E1,8.710758761E-3,-4.258669913E-3,4.824161530E-2,4.920637188E-2
1.144779968E1,3.977309912E-3,2.930079587E-3,2.908706665E-2,2.950358973E-2
1.145779968E1,-5.627315491E-3,1.489848271E-2,4.584693909E-2,4.853424863E-2
1.146779968E1,4.016581923E-3,-4.736625124E-3,5.542469025E-2,5.577154146E-2
1.147779968E1,1.574236900E-2,1.638020948E-2,6.260681152E-2,6.660139858E-2
1.148779968E1,-3.445424139E-3,1.164386235E-2,5.303001404E-2,5.440250791E-2
1.149779968E1,-1.322527602E-2,-1.034558006E-2,4.824161530E-2,5.108025449E-2
1.150779968E1,1.070824638E-2,-5.599931814E-3,5.303001404E-2,5.438941226E-2
1.151779968E1,-2.283918858E-2,-5.603006110E-3,6.021213531E-2,6.464149945E-2
1.152779968E1,-2.244091779E-2,6.426079199E-3,4.824352264E-2,5.359409261E-2
1.153779968E1,2.016380429E-3,6.315559149E-3,3.866672516E-2,3.923095349E-2
1.154779968E1,-7.573023438E-3,-1.285410579E-2,3.387832642E-2,3.701782976E-2
1.155779968E1,1.216195524E-4,1.679773442E-3,6.261157990E-2,6.263422680E-2
1.156780014E1,1.494369656E-2,4.110131413E-3,4.106521606E-2,4.389258727E-2
1.157780014E1,2.895817161E-3,-5.405537318E-3,5.303573608E-2,5.338908964E-2
1.158780014E1,-6.693318486E-3,1.887962688E-3,2.430438995E-2,2.527979997E-2
1.159780014E1,-4.326596856E-3,-1.726929843E-2,5.542945862E-2,5.821832179E-2
1.160780014E1,1.002373360E-2,-4.971516319E-4,5.064010620E-2,5.162502059E-2
1.161779968E1,7.727552205E-3,-1.965413988E-2,3.866958618E-2,4.406060795E-2
1.162779968E1,-1.137166843E-2,1.774684992E-3,5.064201355E-2,5.193339856E-2
1.163779918E1,-6.466057152E-3,-1.440034620E-2,5.543041229E-2,5.763428210E-2
1.164779918E1,6.891936064E-4,-2.432160079E-3,5.782508850E-2,5.788031834E-2
1.165779918E1,3.237485886E-3,-1.675906591E-3,4.345893860E-2,4.361157326E-2
1.166779918E1,-1.353098825E-2,-1.091159414E-3,3.866958618E-2,4.098310832E-2
1.167779918E1,6.012801081E-3,-2.968594898E-3,5.543041229E-2,5.583454969E-2
1.168779918E1,6.126657128E-3,-2.482277341E-3,3.867053986E-2,3.923147054E-2
1.169779918E1,-5.795873702E-3,-1.529324800E-4,5.782508850E-2,5.811502732E-2
1.170779918E1,6.218314171E-3,2.231652383E-3,4.824829102E-2,4.869851424E-2
1.171779918E1,3.802590072E-3,4.692876711E-3,5.782508850E-2,5.813969077E-2
1.172779918E1,-9.369142354E-4,-1.200619992E-2,6.021976471E-2,6.141210554E-2
1.173779918E1,-3.282111138E-3,-7.156704552E-3,2.670001984E-2,2.783669759E-2
1.174779918E1,-5.697995424E-3,1.912168041E-2,3.627777100E-2,4.140268689E-2
1.175779918E1,-3.319080919E-3,1.913350448E-2,4.824924469E-2,5.201054609E-2
1.176779918E1,-9.463876486E-4,1.189206168E-2,4.824924469E-2,4.970217695E-2
1.177779918E1,1.441795379E-3,2.152382955E-2,5.064296722E-2,5.504601840E-2
1.178779918E1,-9.229667485E-4,6.379875354E-3,2.909469604E-2,2.980026871E-2
1.179779918E1,6.246950477E-3,-1.568617672E-2,3.388309479E-2,3.785689690E-2
1.180779918E1,3.776185215E-3,-1.323045976E-2,3.148937225E-2,3.436401032E-2
1.181779964E1,-5.828499794E-3,5.920665804E-3,4.824924469E-2,4.895932298E-2
1.182779964E1,-1.535668969E-2,2.740462497E-2,5.543136597E-2,6.371403080E-2
1.183779964E1,-5.599416792E-3,-6.486246362E-3,4.585552216E-2,4.664926336E-2
1.184779964E1,2.577386424E-2,1.710737869E-2,5.543327332E-2,6.348072364E-2
1.185779964E1,-5.372989923E-3,5.203824025E-3,5.064487457E-2,5.119425872E-2
1.186779917E1,-3.058943897E-3,-2.517606597E-3,4.825115204E-2,4.841352243E-2
1.187779917E1,1.128539257E-2,4.732938949E-3,3.627967834E-2,3.828806416E-2
1.188779917E1,1.108893193E-2,4.362918437E-3,3.627967834E-2,3.818657525E-2
1.189779917E1,1.358741149E-2,-4.833377898E-4,4.585647583E-2,4.782956975E-2
1.190779917E1,1.404318959E-3,8.736022748E-3,5.543327332E-2,5.613499796E-2
1.191779917E1,5.901519209E-3,-1.320659928E-2,4.825019836E-2,5.037185559E-2
1.192779917E1,5.901630968E-3,1.159573905E-3,3.388404846E-2,3.441369785E-2
1.193779917E1,1.036733389E-3,-1.074985974E-2,4.585456848E-2,4.710918967E-2
1.194779917E1,-4.229392856E-3,-1.015692018E-3,5.303668976E-2,5.321475223E-2
1.195779917E1,1.024662890E-2,6.179641001E-3,5.543041229E-2,5.670724798E-2
1.196779917E1,3.161944449E-3,-3.400154412E-3,4.585456848E-2,4.608904852E-2
1.197779917E1,7.923007011E-3,-1.058561727E-2,4.824829102E-2,5.002726176E-2
1.198779917E1,1.024086215E-2,-3.341126256E-3,4.345893860E-2,4.477407426E-2
1.199779917E1,-4.075605422E-3,-5.673838779E-3,5.303668976E-2,5.349479850E-2
1.200779917E1,7.556080818E-3,-5.877902731E-4,5.064010620E-2,5.120410346E-2
1.201779917E1,1.663414389E-2,-2.758000512E-3,4.345607758E-2,4.661257328E-2
1.202779917E1,2.142267674E-2,6.819052156E-3,1.951408386E-2,2.976961572E-2
1.203779917E1,-7.444731891E-4,-5.108747631E-3,6.260871887E-2,6.282121633E-2
1.204779917E1,3.566257656E-3,2.105220687E-3,4.824161530E-2,4.841904165E-2
1.205779917E1,-8.420415223E-3,-2.670982853E-3,5.063533783E-2,5.140014571E-2
1.206779964E1,1.549479365E-2,-2.796538174E-4,3.387546539E-2,3.725203340E-2
1.207779964E1,1.501105726E-2,-6.777793169E-5,3.387355804E-2,3.705069997E-2
1.208779964E1,-2.091532201E-2,1.428253856E-2,6.260490417E-2,6.753381101E-2
1.209779964E1,-1.376009732E-2,2.308119554E-3,5.302810669E-2,5.483290794E-2
1.210779964E1,5.831602961E-3,6.670347415E-3,4.824066162E-2,4.904755408E-2
1.211779917E1,-1.369535923E-3,1.921609044E-3,4.105758667E-2,4.112534052E-2
1.212779917E1,1.094747335E-3,-1.282693259E-2,4.824161530E-2,4.992977186E-2
1.213779917E1,5.987532437E-3,1.605952159E-3,3.627014160E-2,3.679609760E-2
1.214779917E1,-5.990099162E-3,-5.647446960E-3,4.105854034E-2,4.187575289E-2
1.215779917E1,-6.082072854E-3,-1.527663041E-2,5.303001404E-2,5.552071177E-2
1.216779917E1,1.557713374E-2,-2.916301601E-3,3.148174286E-2,3.524559610E-2
1.217779917E1,-1.305616647E-2,6.657574326E-3,4.824161530E-2,5.041864958E-2
1.218779917E1,1.352369785E-3,-1.729444228E-2,3.148174286E-2,3.594477391E-2
1.219779917E1,-3.350023180E-3,2.218018752E-3,4.584789276E-2,4.602359757E-2
1.220779917E1,-3.371518105E-3,2.159816679E-3,5.542469025E-2,5.556913020E-2
1.221779917E1,-5.554065108E-3,1.209491119E-2,4.824256897E-2,5.004477971E-2
1.222779917E1,1.613475382E-3,-4.652771633E-3,1.711654663E-2,1.781088867E-2
1.223779917E1,-3.187362105E-3,-7.062390912E-3,3.866481781E-2,3.943354890E-2
1.224779917E1,-2.843789756E-3,-1.860534027E-2,3.866577148E-2,4.300334535E-2
1.225779917E1,-7.647734135E-3,1.253203209E-2,4.345417023E-2,4.586724949E-2
1.226779917E1,-1.421444863E-2,-1.105001103E-2,4.824542999E-2,5.149538629E-2
1.227779917E1,1.689581573E-2,5.722260568E-3,4.345607758E-2,4.697492452E-2
1.228779917E1,9.571960196E-3,-1.573882066E-3,2.669525146E-2,2.840309803E-2
1.229779917E1,-5.142614245E-3,2.022910863E-2,4.106044769E-2,4.606108642E-2
1.230779917E1,-1.480553299E-2,-1.327268034E-2,3.866577148E-2,4.347884238E-2
1.231779924E1,9.186143056E-3,-1.365615521E-3,5.303192139E-2,5.383897116E-2
1.232779924E1,1.926831901E-3,-1.088139042E-2,3.387641907E-2,3.563325845E-2
1.233779924E1,-5.209524184E-3,-8.021917194E-3,3.387641907E-2,3.520088162E-2
1.234779924E1,6.740231067E-3,-8.977032267E-4,2.908802032E-2,2.987221974E-2
1.235779924E1,4.275433719E-3,8.685065433E-3,4.584789276E-2,4.685871280E-2
1.236779877E1,-3.253292292E-3,-3.059505019E-3,4.824161530E-2,4.844788879E-2
1.237779877E1,-1.278152317E-2,1.664209180E-3,4.824161530E-2,4.993385998E-2
1.238779877E1,3.956798464E-3,1.357709803E-2,5.063533783E-2,5.257310417E-2
1.239779877E1,-5.647789687E-3,-1.024363004E-2,4.105854034E-2,4.269230867E-2
1.240779877E1,-1.463369280E-2,-2.982482780E-3,4.584884644E-2,4.821988063E-2
1.241779877E1,-1.471654698E-2,-3.116983455E-3,4.584884644E-2,4.825359117E-2
1.242779877E1,-2.766598016E-3,-3.049992956E-3,3.148365021E-2,3.175179919E-2
1.243779877E1,2.021800727E-3,1.612941734E-3,4.105949402E-2,4.114087151E-2
1.244779877E1,2.642080560E-2,-1.284215972E-2,5.063819885E-2,5.854235405E-2
1.245779877E1,6.948359311E-3,1.753689256E-3,4.106044769E-2,4.168111668E-2
1.246779877E1,1.645494252E-3,-2.798722591E-3,4.824161530E-2,4.835073883E-2
1.247779877E1,1.192346215E-3,9.359693155E-3,3.626823425E-2,3.747546346E-2
1.248779877E1,-1.319473609E-2,1.421527285E-2,2.669048309E-2,3.299328614E-2
1.249779877E1,1.086733863E-2,2.172960434E-3,4.345035553E-2,4.484143398E-2
1.250779877E1,1.329516992E-2,1.169752702E-2,3.626918793E-2,4.036146274E-2
1.251779877E1,-1.346793026E-3,1.368445531E-2,5.302810669E-2,5.478191552E-2
1.252779877E1,-1.360381395E-2,1.071481034E-2,5.063247681E-2,5.351185497E-2
1.253779877E1,-6.420962512E-3,-8.439302444E-3,6.739234924E-2,6.822154588E-2
1.254779877E1,3.265522420E-3,1.728187501E-2,4.345035553E-2,4.687494252E-2
1.255779877E1,3.335162997E-3,1.664801314E-2,4.345130920E-2,4.665078698E-2
1.256779927E1,-1.147996634E-3,-8.042090572E-3,3.387546539E-2,3.483590494E-2
1.257779927E1,8.802352473E-3,1.060514711E-3,3.387737274E-2,3.501831641E-2
1.258779927E1,1.677248627E-3,-1.856784336E-3,4.584980011E-2,4.591802458E-2
1.259779927E1,-7.542446256E-4,4.778684117E-3,4.585075378E-2,4.610527442E-2
1.260779927E1,6.477892399E-3,9.629228152E-3,5.542755127E-2,5.662948494E-2
1.261779920E1,-5.557630211E-3,-2.390311100E-3,3.387928009E-2,3.441520682E-2
1.262779920E1,2.554057911E-2,-4.786865786E-3,4.824542999E-2,5.479832826E-2
1.263779920E1,-1.271241531E-2,9.585647844E-3,5.542755127E-2,5.766891353E-2
1.264779920E1,8.765762672E-3,-4.773172550E-3,3.866767883E-2,3.993508680E-2
1.265779921E1,-8.373875171E-3,7.101339288E-3,4.584884644E-2,4.714517499E-2
1.266779921E1,1.555367559E-2,-2.463120036E-3,3.387737274E-2,3.735853542E-2
1.267779921E1,1.182168722E-3,1.195833646E-2,4.345417023E-2,4.508507784E-2
1.268779921E1,-5.951579660E-3,4.711591639E-3,4.345417023E-2,4.411219000E-2
1.269779920E1,8.174797520E-3,-1.492875349E-2,4.824352264E-2,5.115791701E-2
1.270779920E1,-1.996308565E-3,-7.671319880E-3,5.063438416E-2,5.125110004E-2
1.271779920E1,-1.914474554E-2,7.056549191E-3,5.302715302E-2,5.681720800E-2
1.272779920E1,2.434739470E-2,9.410871193E-3,3.866291046E-2,4.664955274E-2
1.273779920E1,9.966552258E-3,-1.212497335E-2,4.584598541E-2,4.845824513E-2
1.274779921E1,9.890139103E-3,-1.206327137E-2,4.584598541E-2,4.842717983E-2
1.275779921E1,3.683194518E-4,-2.479731105E-3,4.345130920E-2,4.352356829E-2
1.276779921E1,-6.884858012E-3,-1.205024123E-2,4.584598541E-2,4.790056327E-2
1.277779920E1,-1.395081729E-2,2.774822526E-3,4.345130920E-2,4.572024950E-2
1.278779920E1,1.470397040E-2,-2.077600919E-3,3.387451172E-2,3.698656128E-2
1.279779920E1,1.703385077E-2,7.450438105E-3,3.866195679E-2,4.289997672E-2
1.280779920E1,-4.465576261E-3,2.597875893E-3,3.866291046E-2,3.900655042E-2
1.281779970E1,-2.092704177E-3,1.463654079E-2,5.781650543E-2,5.967709810E-2
1.282779970E1,1.265518367E-4,-2.561154775E-3,3.866195679E-2,3.874690222E-2
1.283779970E1,-1.686343923E-2,4.178034142E-3,5.302810669E-2,5.580153807E-2
1.284779971E1,-1.692766324E-2,-7.841847837E-3,5.063247681E-2,5.396005993E-2
1.285780020E1,-1.995202154E-3,-1.497581881E-2,4.824161530E-2,5.055204671E-2
1.286779971E1,3.136716783E-3,-3.072824329E-4,3.866386414E-2,3.879211008E-2
1.287779971E1,-3.644492477E-3,-1.187174115E-2,2.669334412E-2,2.944070623E-2
1.288779970E1,1.821685396E-2,2.947019413E-3,3.387737274E-2,3.857739073E-2
1.289779970E1,1.126991212E-2,5.353290588E-3,4.345512390E-2,4.521079996E-2
1.290779970E1,-1.716725156E-2,-4.107708111E-3,6.500530243E-2,6.735931365E-2
1.291779970E1,-1.466827095E-2,3.644716926E-3,5.063915253E-2,5.284662622E-2
1.292779970E1,2.842132002E-3,-2.027118392E-2,4.345893860E-2,4.803829676E-2
1.293779971E1,-1.356487721E-2,9.182648733E-3,3.627681732E-2,3.980369840E-2
1.294779971E1,5.862250924E-3,9.491726756E-3,4.106616974E-2,4.255454335E-2
1.295779971E1,1.416809857E-3,9.668510407E-3,5.064392090E-2,5.157803959E-2
1.296779971E1,-7.872246206E-3,-1.170906518E-2,7.219314575E-2,7.355898831E-2
1.297779970E1,6.729271263E-3,-2.119945362E-3,8.177185059E-2,8.207565296E-2
1.298779970E1,1.838472858E-2,4.762460943E-3,5.064487457E-2,5.408865500E-2
1.299779970E1,1.232435182E-2,8.936356753E-3,3.866958618E-2,4.155821237E-2
1.300779970E1,-3.765448928E-4,-3.506085835E-3,3.387928009E-2,3.406229651E-2
